study_name,category,center,code,country,creationDate,ctmsAction,ctmsId,description,dimension,entity_identifiers,id,location,metadataDate1,metadataDate2,metadataString1,metadataString2,metadataString3,signal,status,title,updatedDate
AA001-001,"{0, Default}",414,ACT-8189,Italy,2025-02-24T05:29:04+00:00,True,,TestAction,center,[414],67bc03a0b49476df387e1300,414,,2025-05-19,,,,"{null, Site-wide, Critical Data, SIG-31811, There is one reported adverse event which is recovered with sequelae. This is a rare event across all centers., [414], 67238619affdc8580e173e2f, None, open, Adverse Events: AE recovered with Sequelae}",open,Test Action01,2025-03-10T09:20:04+00:00
AA001-001,"{0, Default}",414,ACT-8204,Italy,2025-02-24T11:15:08+00:00,False,,Testaction02,center,[414],67bc54bcb49476df387e136c,414,,,,,,"{null, Site-wide, Critical Data, SIG-31811, There is one reported adverse event which is recovered with sequelae. This is a rare event across all centers., [414], 67238619affdc8580e173e2f, None, open, Adverse Events: AE recovered with Sequelae}",open,TestAction02,2025-02-24T11:15:18+00:00
AA001-001,"{0, Default}",414,ACT-9569,Italy,2025-03-28T06:58:20+00:00,True,,action08,center,[414],67e6488cb3ddd33b04b57551,414,,2025-06-20,,STUAT Central Monitor 1,,"{null, Site-wide, Critical Data, SIG-31811, There is one reported adverse event which is recovered with sequelae. This is a rare event across all centers., [414], 67238619affdc8580e173e2f, None, open, Adverse Events: AE recovered with Sequelae}",deprecated,Action08_OPEN,2025-04-03T15:14:57+00:00
AA001-001,"{0, Default}",414,ACT-8549,Italy,2025-03-12T06:36:38+00:00,True,,Dryrun01,center,[414],67d12b76fd5e9dd948d0c7ac,414,2025-06-04,2025-06-04,resolved,Clinical Trial Monitor,,"{null, Site-wide, Critical Data, SIG-31811, There is one reported adverse event which is recovered with sequelae. This is a rare event across all centers., [414], 67238619affdc8580e173e2f, None, open, Adverse Events: AE recovered with Sequelae}",open,Dry Run Test01,2025-04-03T09:02:29+00:00
AA001-001,"{0, Default}",414,ACT-9629,Italy,2025-04-01T08:48:17+00:00,True,,action11,center,[414],67eba8513c7e4d8857a0309e,414,,2025-06-24,,Sara Joyce,,"{null, Site-wide, Critical Data, SIG-31811, There is one reported adverse event which is recovered with sequelae. This is a rare event across all centers., [414], 67238619affdc8580e173e2f, None, open, Adverse Events: AE recovered with Sequelae}",open,Action12_OPEN,2025-04-03T15:14:57+00:00
AA001-001,"{0, Default}",414,ACT-9630,Italy,2025-04-01T08:49:38+00:00,True,,action13,center,[414],67eba8a2b3ddd33b04b57b39,414,,2025-06-24,,Clinical Trial Monitor,,"{null, Site-wide, Critical Data, SIG-31811, There is one reported adverse event which is recovered with sequelae. This is a rare event across all centers., [414], 67238619affdc8580e173e2f, None, open, Adverse Events: AE recovered with Sequelae}",open,Action13_OPEN,2025-04-01T11:07:30+00:00
AA001-001,"{0, Default}",414,ACT-9568,Italy,2025-03-28T06:57:58+00:00,True,,action07,center,[414],67e648769f327a2fe3dffff5,414,,2025-06-20,,STUAT Central Monitor 1,,"{null, Site-wide, Critical Data, SIG-31811, There is one reported adverse event which is recovered with sequelae. This is a rare event across all centers., [414], 67238619affdc8580e173e2f, None, open, Adverse Events: AE recovered with Sequelae}",deprecated,Action07_OPEN,2025-04-03T15:14:58+00:00
AA001-001,"{0, Default}",414,ACT-9628,Italy,2025-04-01T08:47:55+00:00,True,,action11,center,[414],67eba83bb3ddd33b04b57b38,414,,2025-06-24,,Diana Aarons,,"{null, Site-wide, Critical Data, SIG-31811, There is one reported adverse event which is recovered with sequelae. This is a rare event across all centers., [414], 67238619affdc8580e173e2f, None, open, Adverse Events: AE recovered with Sequelae}",open,Action11_OPEN,2025-04-01T11:01:23+00:00
AA001-001,"{0, Default}",414,ACT-9633,Italy,2025-04-01T08:57:51+00:00,True,,action16,center,[414],67ebaa8fb3ddd33b04b57b3c,414,,2025-03-31,,Diana Aarons,,"{null, Site-wide, Critical Data, SIG-31811, There is one reported adverse event which is recovered with sequelae. This is a rare event across all centers., [414], 67238619affdc8580e173e2f, None, open, Adverse Events: AE recovered with Sequelae}",stalled,Action16_OPEN,2025-04-01T11:12:15+00:00
AA001-001,"{0, Default}",414,ACT-11594,Italy,2025-05-22T13:06:24+00:00,True,,Testing,center,[414],682f21501aa25f7e0d00554f,414,,2025-08-14,,Diana Aarons,,"{null, Site-wide, Critical Data, SIG-31811, There is one reported adverse event which is recovered with sequelae. This is a rare event across all centers., [414], 67238619affdc8580e173e2f, None, open, Adverse Events: AE recovered with Sequelae}",open,"Test 128 exceed - {""type"": ""INVALID_DATA"", ""message"": ""Invalid value [The CLASI assessment has shown higher rates of affected areas for patients at this",2025-05-22T13:32:42+00:00
AA001-001,"{0, Default}",414,ACT-11593,Italy,2025-05-22T13:05:42+00:00,True,,"proportion of missing values of discontinue reasons] specified for parameter [name__v] : string exceeds max length [128]""}, {""type"": ""PARAMETER_REQUIRED"", ""message"": ""Missing required parameter [complete__v]""}], [{""type"": ""INVALID_DATA"", ""message"": ""Invalid value [- LEUKASE/URINALYSIS I test results have more '3+' status. All of such records are from patient 0090.\n- WBC/URINALYSIS II test results have more \u201813-30\u2019 status. All of such records are from patient 005.\nAlso below mentioned several lab results are showing atypical trends at this site:\n-",center,[414],682f2126d335517ffa1c0fce,414,,2025-08-14,,Diana Aarons,,"{null, Site-wide, Critical Data, SIG-31811, There is one reported adverse event which is recovered with sequelae. This is a rare event across all centers., [414], 67238619affdc8580e173e2f, None, open, Adverse Events: AE recovered with Sequelae}",open,"string exceeds max length [500]""}, {""type"": ""PARAMETER_REQUIRED"", ""message"": ""Missing required parameter [complete__v]""}], [{""type"": ""INVALID_DATA"", ""message"": ""Invalid value [Prior and Concomitant Medications",2025-05-22T13:32:42+00:00
AA001-001,"{0, Default}",414,ACT-11595,Italy,2025-05-22T13:07:04+00:00,True,,"(5 out of 6) than the study-wide average  of 6% (most are 'Absent').] specified for parameter [description__v] : string exceeds max length [500]""}, {""type"": ""PARAMETER_REQUIRED"", ""message"": ""Missing required parameter [complete__v]""}], [{""type"": ""INVALID_DATA"", ""message"": ""Invalid value [Prior and Concomitant Medications - Lupus specific - Non-Corticosteroids - Higher proportion of missing values of discontinue reasons] specified for parameter [name__v] : string exceeds max length [128]""}, {""type"": ""PARAMETER_REQUIRED"", ""message"":",center,[414],682f21785287ad729c932748,414,,2025-08-14,,Diana Aarons,,"{null, Site-wide, Critical Data, SIG-31811, There is one reported adverse event which is recovered with sequelae. This is a rare event across all centers., [414], 67238619affdc8580e173e2f, None, open, Adverse Events: AE recovered with Sequelae}",stalled,Test- Description Exceed,2025-05-22T13:32:41+00:00
AA001-001,"{0, Default}",414,ACT-11596,Italy,2025-05-22T13:07:26+00:00,True,,Action Desc,center,[414],682f218e46c33a65c1610b5a,414,2025-05-22,2025-08-14,Resolved,Diana Aarons,,"{null, Site-wide, Critical Data, SIG-31811, There is one reported adverse event which is recovered with sequelae. This is a rare event across all centers., [414], 67238619affdc8580e173e2f, None, open, Adverse Events: AE recovered with Sequelae}",resolved,Normal Action test,2025-05-22T13:32:42+00:00
AA001-001,"{0, Default}",414,ACT-22472,Italy,2026-04-24T14:27:26+00:00,True,,Test 10,center,[414],69eb7dcec3734fc2e279e6b4,414,,,,,,"{null, Site-wide, Critical Data, SIG-31811, There is one reported adverse event which is recovered with sequelae. This is a rare event across all centers., [414], 67238619affdc8580e173e2f, None, open, Adverse Events: AE recovered with Sequelae}",new,Test 100,2026-04-24T14:27:26+00:00
AA001-001,"{0, Default}",414,ACT-22473,Italy,2026-04-24T14:27:55+00:00,True,,Test 10,center,[414],69eb7debdababcc4b05fcb57,414,,,,,,"{null, Site-wide, Critical Data, SIG-31811, There is one reported adverse event which is recovered with sequelae. This is a rare event across all centers., [414], 67238619affdc8580e173e2f, None, open, Adverse Events: AE recovered with Sequelae}",new,Test 102,2026-04-24T14:27:55+00:00
AA001-001,"{0, Default}",414,ACT-9337,Italy,2025-03-21T13:09:10+00:00,True,,Testing Site,center,[414],67dd64f6161b3fd106253e31,414,,2025-06-13,,Diana Aarons,,"{null, Site-wide, Critical Data, SIG-31811, There is one reported adverse event which is recovered with sequelae. This is a rare event across all centers., [414], 67238619affdc8580e173e2f, None, open, Adverse Events: AE recovered with Sequelae}",open,Check Site Details,2025-04-01T11:01:19+00:00
AA001-001,"{0, Default}",414,ACT-9331,Italy,2025-03-21T06:48:28+00:00,True,,test18,center,[414],67dd0bbc6eb95459d7a79c7d,414,,2025-06-13,,Diana Aarons,,"{null, Site-wide, Critical Data, SIG-31811, There is one reported adverse event which is recovered with sequelae. This is a rare event across all centers., [414], 67238619affdc8580e173e2f, None, open, Adverse Events: AE recovered with Sequelae}",open,dryrun test18,2025-04-01T11:01:19+00:00
AA001-001,"{0, Default}",414,ACT-9402,Italy,2025-03-24T09:10:18+00:00,True,,test24,center,[414],67e1217a5f4f90acb1541835,414,,2025-06-16,,Diana Aarons,,"{null, Site-wide, Critical Data, SIG-31811, There is one reported adverse event which is recovered with sequelae. This is a rare event across all centers., [414], 67238619affdc8580e173e2f, None, open, Adverse Events: AE recovered with Sequelae}",open,dryruntest24,2025-04-01T11:01:21+00:00
AA001-001,"{0, Default}",414,ACT-9634,Italy,2025-04-01T08:58:18+00:00,True,,action17,center,[414],67ebaaaa3c7e4d8857a0309f,414,,2025-06-24,,Diana Aarons,,"{null, Site-wide, Critical Data, SIG-31811, There is one reported adverse event which is recovered with sequelae. This is a rare event across all centers., [414], 67238619affdc8580e173e2f, None, open, Adverse Events: AE recovered with Sequelae}",stalled,Action17_OPEN,2025-04-01T11:01:22+00:00
AA001-001,"{0, Default}",414,ACT-8705,Italy,2025-03-19T12:36:08+00:00,True,,AE high,center,[414],67daba3873fead9f4f0887b4,414,,2025-06-11,,Diana Aarons,,"{null, Site-wide, Critical Data, SIG-31811, There is one reported adverse event which is recovered with sequelae. This is a rare event across all centers., [414], 67238619affdc8580e173e2f, None, open, Adverse Events: AE recovered with Sequelae}",open,Adverse events_test,2025-04-01T11:01:22+00:00
AA001-001,"{0, Default}",414,ACT-9330,Italy,2025-03-21T06:48:14+00:00,True,,test17,center,[414],67dd0bae73fead9f4f08caab,414,,2025-06-13,,Diana Aarons,,"{null, Site-wide, Critical Data, SIG-31811, There is one reported adverse event which is recovered with sequelae. This is a rare event across all centers., [414], 67238619affdc8580e173e2f, None, open, Adverse Events: AE recovered with Sequelae}",open,dryrun test17,2025-04-01T11:01:24+00:00
AA001-001,"{0, Default}",290,ACT-7936,Spain,2025-02-13T10:20:30+00:00,True,,Test Signal,center,[290],67adc76e9da08fbfefb7a89f,290,,2025-05-08,,,,"{null, Site-wide, Critical Data, SIG-31812, Patients are born in the future, [290], 6723861aaffdc8580e173e30, Medium, open, Demog: patients are born in the future}",open,Test,2025-03-10T09:20:05+00:00
AA001-001,"{0, Default}",290,ACT-7926,Spain,2025-02-12T14:48:00+00:00,True,,Send someone on site to check the dates of births,center,[290],67acb4a0eaa853966d924284,290,,2025-05-07,,string1,string2,"{null, Site-wide, Critical Data, SIG-31812, Patients are born in the future, [290], 6723861aaffdc8580e173e30, Medium, open, Demog: patients are born in the future}",open,test,2025-03-10T09:20:04+00:00
AA001-001,"{0, Default}",290,ACT-7812,Spain,2025-02-04T14:17:03+00:00,True,,Test Action Flow,center,[290],67a2215f4ab63e8aa1084da2,290,,2025-04-29,,,,"{null, Site-wide, Critical Data, SIG-31812, Patients are born in the future, [290], 6723861aaffdc8580e173e30, Medium, open, Demog: patients are born in the future}",open,Test 3,2025-03-10T09:20:05+00:00
AA001-001,"{0, Default}",290,ACT-9636,Spain,2025-04-01T08:59:08+00:00,True,,action19,center,[290],67ebaadc9f327a2fe3e0118b,290,,2025-06-24,,Aditya Sharma,,"{null, Site-wide, Critical Data, SIG-31812, Patients are born in the future, [290], 6723861aaffdc8580e173e30, Medium, open, Demog: patients are born in the future}",deprecated,Action19_OPEN,2025-04-01T11:01:20+00:00
AA001-001,"{0, Default}",290,ACT-9631,Spain,2025-04-01T08:50:00+00:00,True,,action14,center,[290],67eba8b89f327a2fe3e01187,290,,2025-06-24,,Aditya Sharma,,"{null, Site-wide, Critical Data, SIG-31812, Patients are born in the future, [290], 6723861aaffdc8580e173e30, Medium, open, Demog: patients are born in the future}",open,Action14_OPEN,2025-04-01T11:01:20+00:00
AA001-001,"{0, Default}",290,ACT-9570,Spain,2025-03-28T06:58:39+00:00,True,,action09,center,[290],67e6489fb3ddd33b04b57552,290,,2025-06-20,,Sara Joyce,,"{null, Site-wide, Critical Data, SIG-31812, Patients are born in the future, [290], 6723861aaffdc8580e173e30, Medium, open, Demog: patients are born in the future}",deprecated,Action09_OPEN,2025-04-03T15:14:58+00:00
AA001-001,"{0, Default}",290,ACT-9632,Spain,2025-04-01T08:50:19+00:00,True,,action15,center,[290],67eba8cbb8ffdbf17bf15888,290,,2025-06-24,,Aditya Sharma,,"{null, Site-wide, Critical Data, SIG-31812, Patients are born in the future, [290], 6723861aaffdc8580e173e30, Medium, open, Demog: patients are born in the future}",open,Action15_OPEN,2025-04-01T11:01:22+00:00
AA001-001,"{0, Default}",290,ACT-9571,Spain,2025-03-28T06:58:58+00:00,True,,action10,center,[290],67e648b2b8ffdbf17bf1460a,290,,2025-06-20,,STUAT Central Monitor 1,,"{null, Site-wide, Critical Data, SIG-31812, Patients are born in the future, [290], 6723861aaffdc8580e173e30, Medium, open, Demog: patients are born in the future}",open,Action10_OPEN,2025-04-03T15:14:58+00:00
AA001-001,"{0, Default}",290,ACT-9635,Spain,2025-04-01T08:58:45+00:00,True,,action18,center,[290],67ebaac53c7e4d8857a030a0,290,2025-04-01,2025-06-24,FUI is resolved,Aditya Sharma,,"{null, Site-wide, Critical Data, SIG-31812, Patients are born in the future, [290], 6723861aaffdc8580e173e30, Medium, open, Demog: patients are born in the future}",resolved,Action18_OPEN,2025-04-01T11:01:20+00:00
AA001-001,"{0, Default}",290,ACT-9688,Spain,2025-04-03T11:14:46+00:00,True,,D,center,[290],67ee6da641ab25c700203a6c,290,,2025-06-26,,Aditya Sharma,,"{null, Site-wide, Critical Data, SIG-31812, Patients are born in the future, [290], 6723861aaffdc8580e173e30, Medium, open, Demog: patients are born in the future}",open,Trial,2025-04-03T15:14:58+00:00
AA001-001,"{0, Default}",290,ACT-7156,Spain,2024-10-31T13:28:59+00:00,False,,Send someone on site to collect blood samples,center,[290],6723861b9eb233f63e7dccdd,290,,,,,,"{null, Site-wide, Critical Data, SIG-31812, Patients are born in the future, [290], 6723861aaffdc8580e173e30, Medium, open, Demog: patients are born in the future}",new,Collect blood samples,2025-02-13T10:21:21+00:00
AA001-001,"{0, Default}",290,ACT-7858,Spain,2025-02-05T21:20:30+00:00,False,,test action for sync to CTMS,center,[290],67a3d61e401eb0827014a9da,290,,,,,,"{null, Site-wide, Critical Data, SIG-31812, Patients are born in the future, [290], 6723861aaffdc8580e173e30, Medium, open, Demog: patients are born in the future}",deprecated,test action for sync to CTMS,2025-02-14T06:46:13+00:00
AA001-001,"{0, Default}",290,ACT-7811,Spain,2025-02-04T14:12:24+00:00,True,,Testing the action,center,[290],67a22048c9d0bceeda3d86d4,290,,2025-04-29,,,,"{null, Site-wide, Critical Data, SIG-31812, Patients are born in the future, [290], 6723861aaffdc8580e173e30, Medium, open, Demog: patients are born in the future}",open,Test Action,2025-03-10T09:20:04+00:00
AA001-001,"{0, Default}",290,ACT-7937,Spain,2025-02-13T10:23:11+00:00,True,,Signal Test 01,center,[290],67adc80fc992c02a7514c4db,290,,2025-05-08,,,,"{null, Site-wide, Critical Data, SIG-31812, Patients are born in the future, [290], 6723861aaffdc8580e173e30, Medium, open, Demog: patients are born in the future}",open,Test01,2025-03-10T09:20:04+00:00
AA001-001,"{0, Default}",290,ACT-7155,Spain,2024-10-31T13:28:59+00:00,False,,Send someone on site to check the dates of births,center,[290],6723861b542122ce613587d3,290,,,,,,"{null, Site-wide, Critical Data, SIG-31812, Patients are born in the future, [290], 6723861aaffdc8580e173e30, Medium, open, Demog: patients are born in the future}",resolved,Verify the dates of births,2025-02-13T13:49:26+00:00
AA001-001,"{0, Default}",290,ACT-8563,Spain,2025-03-12T10:11:04+00:00,True,,dryrun2,center,[290],67d15db804f41d686da2dce4,290,,,,,,"{null, Site-wide, Critical Data, SIG-31812, Patients are born in the future, [290], 6723861aaffdc8580e173e30, Medium, open, Demog: patients are born in the future}",new,Dryrun Test02,2025-03-12T10:11:04+00:00
AA001-001,"{0, Default}",290,ACT-22464,Spain,2026-04-24T13:54:30+00:00,True,,Test 001,center,[290],69eb76161782d51f411f709d,290,,,,,,"{null, Site-wide, Critical Data, SIG-31812, Patients are born in the future, [290], 6723861aaffdc8580e173e30, Medium, open, Demog: patients are born in the future}",new,Test 001,2026-04-24T13:54:30+00:00
AA001-001,"{0, Default}",290,ACT-22465,Spain,2026-04-24T13:54:47+00:00,True,,Test 00,center,[290],69eb7627d07e933ecddf31c7,290,,,,,,"{null, Site-wide, Critical Data, SIG-31812, Patients are born in the future, [290], 6723861aaffdc8580e173e30, Medium, open, Demog: patients are born in the future}",new,Test 002,2026-04-24T13:54:47+00:00
AA001-001,"{0, Default}",290,ACT-22466,Spain,2026-04-24T13:55:04+00:00,True,,Test 00,center,[290],69eb7638dababcc4b05fcb33,290,,,,,,"{null, Site-wide, Critical Data, SIG-31812, Patients are born in the future, [290], 6723861aaffdc8580e173e30, Medium, open, Demog: patients are born in the future}",new,Test 003,2026-04-24T13:55:04+00:00
AA001-001,"{0, Default}",290,ACT-22467,Spain,2026-04-24T13:55:21+00:00,True,,Test 00,center,[290],69eb76491782d51f411f709e,290,,,,,,"{null, Site-wide, Critical Data, SIG-31812, Patients are born in the future, [290], 6723861aaffdc8580e173e30, Medium, open, Demog: patients are born in the future}",new,Test 004,2026-04-24T13:55:21+00:00
AA001-001,"{0, Default}",290,ACT-22468,Spain,2026-04-24T13:55:32+00:00,True,,Test 00,center,[290],69eb7654d07e933ecddf31c8,290,,,,,,"{null, Site-wide, Critical Data, SIG-31812, Patients are born in the future, [290], 6723861aaffdc8580e173e30, Medium, open, Demog: patients are born in the future}",new,Test 005,2026-04-24T13:55:32+00:00
AA001-001,"{0, Default}",290,ACT-22469,Spain,2026-04-24T13:55:43+00:00,True,,Test 00,center,[290],69eb765f737040d6cead39c7,290,,,,,,"{null, Site-wide, Critical Data, SIG-31812, Patients are born in the future, [290], 6723861aaffdc8580e173e30, Medium, open, Demog: patients are born in the future}",new,Test 006,2026-04-24T13:55:43+00:00
AA001-001,"{0, Default}",290,ACT-22470,Spain,2026-04-24T13:55:54+00:00,True,,Test 00,center,[290],69eb766a1782d51f411f709f,290,,,,,,"{null, Site-wide, Critical Data, SIG-31812, Patients are born in the future, [290], 6723861aaffdc8580e173e30, Medium, open, Demog: patients are born in the future}",new,Test 007,2026-04-24T13:55:54+00:00
AA001-001,"{0, Default}",290,ACT-22471,Spain,2026-04-24T13:56:05+00:00,True,,Test 00,center,[290],69eb7675d07e933ecddf31c9,290,,,,,,"{null, Site-wide, Critical Data, SIG-31812, Patients are born in the future, [290], 6723861aaffdc8580e173e30, Medium, open, Demog: patients are born in the future}",new,Test 008,2026-04-24T13:56:05+00:00
AA001-001,"{0, Default}",290,ACT-8706,Spain,2025-03-19T12:52:45+00:00,True,,test,center,[290],67dabe1d6eb95459d7a781aa,290,,2025-06-11,,Aditya Sharma,,"{null, Site-wide, Critical Data, SIG-31812, Patients are born in the future, [290], 6723861aaffdc8580e173e30, Medium, open, Demog: patients are born in the future}",open,test,2025-04-01T11:01:18+00:00
AA001-001,"{0, Default}",290,ACT-9403,Spain,2025-03-24T09:10:40+00:00,True,,test225,center,[290],67e12190cc5391bbcfccc1ec,290,,2025-06-16,,Aditya Sharma,,"{null, Site-wide, Critical Data, SIG-31812, Patients are born in the future, [290], 6723861aaffdc8580e173e30, Medium, open, Demog: patients are born in the future}",open,dryruntest25,2025-04-01T11:01:18+00:00
AA001-001,"{0, Default}",290,ACT-9332,Spain,2025-03-21T06:54:09+00:00,True,,test19,center,[290],67dd0d110b45bd136fcd1a4b,290,,2025-06-13,,Aditya Sharma,,"{null, Site-wide, Critical Data, SIG-31812, Patients are born in the future, [290], 6723861aaffdc8580e173e30, Medium, open, Demog: patients are born in the future}",open,dryrun test19,2025-04-01T11:01:19+00:00
AA001-001,"{0, Default}",,ACT-22474,,2026-04-24T14:40:37+00:00,True,,Test 200,,[],69eb80e5d07e933ecddf31e6,,,,,,,"{null, Site-wide, Critical Data, SIG-31813, Abnormal patient identifiers found in DM, [], 6723861baffdc8580e173e31, None, open, Abnormal patient identifiers}",new,Test 200,2026-04-24T14:40:37+00:00
AA001-001,"{0, Default}",,ACT-22475,,2026-04-24T14:40:45+00:00,True,,Test 201,,[],69eb80edc3734fc2e279e6b5,,,,,,,"{null, Site-wide, Critical Data, SIG-31813, Abnormal patient identifiers found in DM, [], 6723861baffdc8580e173e31, None, open, Abnormal patient identifiers}",new,Test 201,2026-04-24T14:40:45+00:00
AA001-001,"{0, Default}",,ACT-22476,,2026-04-24T14:40:53+00:00,True,,Test 202,,[],69eb80f5dababcc4b05fcb58,,,,,,,"{null, Site-wide, Critical Data, SIG-31813, Abnormal patient identifiers found in DM, [], 6723861baffdc8580e173e31, None, open, Abnormal patient identifiers}",new,Test 202,2026-04-24T14:40:53+00:00
AA001-001,"{0, Default}",,ACT-22477,,2026-04-24T14:40:59+00:00,True,,Test 203,,[],69eb80fbdababcc4b05fcb59,,,,,,,"{null, Site-wide, Critical Data, SIG-31813, Abnormal patient identifiers found in DM, [], 6723861baffdc8580e173e31, None, open, Abnormal patient identifiers}",new,Test 203,2026-04-24T14:40:59+00:00
AA001-001,"{0, Default}",,ACT-22478,,2026-04-24T14:41:06+00:00,True,,Test 204,,[],69eb8102c3734fc2e279e6b6,,,,,,,"{null, Site-wide, Critical Data, SIG-31813, Abnormal patient identifiers found in DM, [], 6723861baffdc8580e173e31, None, open, Abnormal patient identifiers}",new,Test 204,2026-04-24T14:41:06+00:00
AA001-001,"{0, Default}",,ACT-22479,,2026-04-24T14:41:13+00:00,True,,Test 205,,[],69eb8109d07e933ecddf31e7,,,,,,,"{null, Site-wide, Critical Data, SIG-31813, Abnormal patient identifiers found in DM, [], 6723861baffdc8580e173e31, None, open, Abnormal patient identifiers}",new,Test 205,2026-04-24T14:41:13+00:00
AA001-001,"{0, Default}",,ACT-22480,,2026-04-24T14:41:21+00:00,True,,Test 206,,[],69eb8111b5b06a238d1ebc3a,,,,,,,"{null, Site-wide, Critical Data, SIG-31813, Abnormal patient identifiers found in DM, [], 6723861baffdc8580e173e31, None, open, Abnormal patient identifiers}",new,Test 206,2026-04-24T14:41:21+00:00
AA001-001,"{0, Default}",,ACT-22481,,2026-04-24T14:41:38+00:00,True,,Test 207,,[],69eb81220ef51eb10a867ae1,,,,,,,"{null, Site-wide, Critical Data, SIG-31813, Abnormal patient identifiers found in DM, [], 6723861baffdc8580e173e31, None, open, Abnormal patient identifiers}",new,Test 207,2026-04-24T14:41:38+00:00
AA001-001,"{0, Default}",,ACT-22482,,2026-04-24T14:41:45+00:00,True,,Test 208,,[],69eb8129dababcc4b05fcb5b,,,,,,,"{null, Site-wide, Critical Data, SIG-31813, Abnormal patient identifiers found in DM, [], 6723861baffdc8580e173e31, None, open, Abnormal patient identifiers}",new,Test 208,2026-04-24T14:41:45+00:00
AA001-001,"{0, Default}",,ACT-22483,,2026-04-24T14:41:56+00:00,True,,Test 209,,[],69eb8134c3734fc2e279e6b8,,,,,,,"{null, Site-wide, Critical Data, SIG-31813, Abnormal patient identifiers found in DM, [], 6723861baffdc8580e173e31, None, open, Abnormal patient identifiers}",new,Test 209,2026-04-24T14:41:56+00:00
AA001-001,"{0, Default}",,ACT-22484,,2026-04-24T14:42:08+00:00,True,,Test 210,,[],69eb8140c3734fc2e279e6cd,,,,,,,"{null, Site-wide, Critical Data, SIG-31813, Abnormal patient identifiers found in DM, [], 6723861baffdc8580e173e31, None, open, Abnormal patient identifiers}",new,Test 210,2026-04-24T14:42:08+00:00
AA001-001,"{0, Default}",,ACT-22485,,2026-04-24T14:42:16+00:00,True,,Test 211,,[],69eb8148737040d6cead3a09,,,,,,,"{null, Site-wide, Critical Data, SIG-31813, Abnormal patient identifiers found in DM, [], 6723861baffdc8580e173e31, None, open, Abnormal patient identifiers}",new,Test 211,2026-04-24T14:42:16+00:00
AA001-001,"{0, Default}",,ACT-22486,,2026-04-24T14:42:22+00:00,True,,Test 212,,[],69eb814e0ef51eb10a867b1e,,,,,,,"{null, Site-wide, Critical Data, SIG-31813, Abnormal patient identifiers found in DM, [], 6723861baffdc8580e173e31, None, open, Abnormal patient identifiers}",new,Test 212,2026-04-24T14:42:22+00:00
AA001-001,"{0, Default}",,ACT-22487,,2026-04-24T14:42:28+00:00,True,,Test 213,,[],69eb81541782d51f411f70ec,,,,,,,"{null, Site-wide, Critical Data, SIG-31813, Abnormal patient identifiers found in DM, [], 6723861baffdc8580e173e31, None, open, Abnormal patient identifiers}",new,Test 213,2026-04-24T14:42:28+00:00
AA001-001,"{0, Default}",,ACT-22488,,2026-04-24T14:42:35+00:00,True,,Test 214,,[],69eb815b1782d51f411f70ed,,,,,,,"{null, Site-wide, Critical Data, SIG-31813, Abnormal patient identifiers found in DM, [], 6723861baffdc8580e173e31, None, open, Abnormal patient identifiers}",new,Test 214,2026-04-24T14:42:35+00:00
AA001-001,"{0, Default}",,ACT-22489,,2026-04-24T14:42:45+00:00,True,,Test 214,,[],69eb81651782d51f411f70ee,,,,,,,"{null, Site-wide, Critical Data, SIG-31813, Abnormal patient identifiers found in DM, [], 6723861baffdc8580e173e31, None, open, Abnormal patient identifiers}",new,Test 214,2026-04-24T14:42:45+00:00
AA001-001,"{0, Default}",,ACT-22490,,2026-04-24T14:42:51+00:00,True,,Test 215,,[],69eb816b1782d51f411f70ef,,,,,,,"{null, Site-wide, Critical Data, SIG-31813, Abnormal patient identifiers found in DM, [], 6723861baffdc8580e173e31, None, open, Abnormal patient identifiers}",new,Test 215,2026-04-24T14:42:51+00:00
AA001-001,"{0, Default}",,ACT-22491,,2026-04-24T14:42:57+00:00,True,,Test 216,,[],69eb8171737040d6cead3a0b,,,,,,,"{null, Site-wide, Critical Data, SIG-31813, Abnormal patient identifiers found in DM, [], 6723861baffdc8580e173e31, None, open, Abnormal patient identifiers}",new,Test 216,2026-04-24T14:42:57+00:00
AA001-001,"{0, Default}",,ACT-22492,,2026-04-24T14:43:04+00:00,True,,Test 217,,[],69eb8178b5b06a238d1ebc79,,,,,,,"{null, Site-wide, Critical Data, SIG-31813, Abnormal patient identifiers found in DM, [], 6723861baffdc8580e173e31, None, open, Abnormal patient identifiers}",new,Test 217,2026-04-24T14:43:04+00:00
AA001-001,"{0, Default}",,ACT-22493,,2026-04-24T14:43:11+00:00,True,,Test 218,,[],69eb817fb5b06a238d1ebc7a,,,,,,,"{null, Site-wide, Critical Data, SIG-31813, Abnormal patient identifiers found in DM, [], 6723861baffdc8580e173e31, None, open, Abnormal patient identifiers}",new,Test 218,2026-04-24T14:43:11+00:00
AA001-001,"{0, Default}",,ACT-22494,,2026-04-24T14:43:18+00:00,True,,Test 219,,[],69eb8186c3734fc2e279e6ec,,,,,,,"{null, Site-wide, Critical Data, SIG-31813, Abnormal patient identifiers found in DM, [], 6723861baffdc8580e173e31, None, open, Abnormal patient identifiers}",new,Test 219,2026-04-24T14:43:18+00:00
AA001-001,"{0, Default}",,ACT-22495,,2026-04-24T14:43:29+00:00,True,,Test 220,,[],69eb8191737040d6cead3a0c,,,,,,,"{null, Site-wide, Critical Data, SIG-31813, Abnormal patient identifiers found in DM, [], 6723861baffdc8580e173e31, None, open, Abnormal patient identifiers}",new,Test 220,2026-04-24T14:43:29+00:00
AA001-001,"{0, Default}",,ACT-22496,,2026-04-24T14:43:35+00:00,True,,Test 221,,[],69eb8197f5a22ce051678b63,,,,,,,"{null, Site-wide, Critical Data, SIG-31813, Abnormal patient identifiers found in DM, [], 6723861baffdc8580e173e31, None, open, Abnormal patient identifiers}",new,Test 221,2026-04-24T14:43:35+00:00
AA001-001,"{0, Default}",,ACT-22497,,2026-04-24T14:43:41+00:00,True,,Test 222,,[],69eb819d1782d51f411f70f0,,,,,,,"{null, Site-wide, Critical Data, SIG-31813, Abnormal patient identifiers found in DM, [], 6723861baffdc8580e173e31, None, open, Abnormal patient identifiers}",new,Test 222,2026-04-24T14:43:41+00:00
AA001-001,"{0, Default}",,ACT-22498,,2026-04-24T14:43:48+00:00,True,,Test 223,,[],69eb81a4b5b06a238d1ebc7b,,,,,,,"{null, Site-wide, Critical Data, SIG-31813, Abnormal patient identifiers found in DM, [], 6723861baffdc8580e173e31, None, open, Abnormal patient identifiers}",new,Test 223,2026-04-24T14:43:48+00:00
AA001-001,"{0, Default}",,ACT-22499,,2026-04-24T14:43:54+00:00,True,,Test 224,,[],69eb81aadababcc4b05fcb98,,,,,,,"{null, Site-wide, Critical Data, SIG-31813, Abnormal patient identifiers found in DM, [], 6723861baffdc8580e173e31, None, open, Abnormal patient identifiers}",new,Test 224,2026-04-24T14:43:54+00:00
AA001-001,"{0, Default}",,ACT-22500,,2026-04-24T14:44:01+00:00,True,,Test 225,,[],69eb81b1d07e933ecddf3224,,,,,,,"{null, Site-wide, Critical Data, SIG-31813, Abnormal patient identifiers found in DM, [], 6723861baffdc8580e173e31, None, open, Abnormal patient identifiers}",new,Test 225,2026-04-24T14:44:01+00:00
AA001-001,"{0, Default}",,ACT-22501,,2026-04-24T14:44:09+00:00,True,,Test 226,,[],69eb81b9b5b06a238d1ebc7c,,,,,,,"{null, Site-wide, Critical Data, SIG-31813, Abnormal patient identifiers found in DM, [], 6723861baffdc8580e173e31, None, open, Abnormal patient identifiers}",new,Test 226,2026-04-24T14:44:09+00:00
AA001-001,"{0, Default}",,ACT-22502,,2026-04-24T14:44:14+00:00,True,,Test 227,,[],69eb81bec3734fc2e279e6ed,,,,,,,"{null, Site-wide, Critical Data, SIG-31813, Abnormal patient identifiers found in DM, [], 6723861baffdc8580e173e31, None, open, Abnormal patient identifiers}",new,Test 227,2026-04-24T14:44:14+00:00
AA001-001,"{0, Default}",,ACT-22503,,2026-04-24T14:44:20+00:00,True,,Test 228,,[],69eb81c41782d51f411f70f1,,,,,,,"{null, Site-wide, Critical Data, SIG-31813, Abnormal patient identifiers found in DM, [], 6723861baffdc8580e173e31, None, open, Abnormal patient identifiers}",new,Test 228,2026-04-24T14:44:20+00:00
AA001-001,"{0, Default}",,ACT-22504,,2026-04-24T14:44:26+00:00,True,,Test 229,,[],69eb81cab5b06a238d1ebc7d,,,,,,,"{null, Site-wide, Critical Data, SIG-31813, Abnormal patient identifiers found in DM, [], 6723861baffdc8580e173e31, None, open, Abnormal patient identifiers}",new,Test 229,2026-04-24T14:44:26+00:00
AA001-001,"{0, Default}",,ACT-22505,,2026-04-24T14:44:39+00:00,True,,Test 230,,[],69eb81d7d07e933ecddf3225,,,,,,,"{null, Site-wide, Critical Data, SIG-31813, Abnormal patient identifiers found in DM, [], 6723861baffdc8580e173e31, None, open, Abnormal patient identifiers}",new,Test 230,2026-04-24T14:44:39+00:00
AA001-001,"{0, Default}",,ACT-22506,,2026-04-24T14:44:45+00:00,True,,Test 231,,[],69eb81dddababcc4b05fcb99,,,,,,,"{null, Site-wide, Critical Data, SIG-31813, Abnormal patient identifiers found in DM, [], 6723861baffdc8580e173e31, None, open, Abnormal patient identifiers}",new,Test 231,2026-04-24T14:44:45+00:00
AA001-001,"{0, Default}",,ACT-22507,,2026-04-24T14:44:51+00:00,True,,Test 232,,[],69eb81e3dababcc4b05fcb9a,,,,,,,"{null, Site-wide, Critical Data, SIG-31813, Abnormal patient identifiers found in DM, [], 6723861baffdc8580e173e31, None, open, Abnormal patient identifiers}",new,Test 232,2026-04-24T14:44:51+00:00
AA001-001,"{0, Default}",,ACT-22508,,2026-04-24T14:44:58+00:00,True,,Test 233,,[],69eb81ea737040d6cead3a0d,,,,,,,"{null, Site-wide, Critical Data, SIG-31813, Abnormal patient identifiers found in DM, [], 6723861baffdc8580e173e31, None, open, Abnormal patient identifiers}",new,Test 233,2026-04-24T14:44:58+00:00
AA001-001,"{0, Default}",,ACT-22509,,2026-04-24T14:45:04+00:00,True,,Test 234,,[],69eb81f0dababcc4b05fcb9b,,,,,,,"{null, Site-wide, Critical Data, SIG-31813, Abnormal patient identifiers found in DM, [], 6723861baffdc8580e173e31, None, open, Abnormal patient identifiers}",new,Test 234,2026-04-24T14:45:04+00:00
AA001-001,"{0, Default}",,ACT-22510,,2026-04-24T14:45:10+00:00,True,,Test 235,,[],69eb81f6737040d6cead3a0e,,,,,,,"{null, Site-wide, Critical Data, SIG-31813, Abnormal patient identifiers found in DM, [], 6723861baffdc8580e173e31, None, open, Abnormal patient identifiers}",new,Test 235,2026-04-24T14:45:10+00:00
AA001-001,"{0, Default}",,ACT-22511,,2026-04-24T14:45:17+00:00,True,,Test 236,,[],69eb81fdc3734fc2e279e6ee,,,,,,,"{null, Site-wide, Critical Data, SIG-31813, Abnormal patient identifiers found in DM, [], 6723861baffdc8580e173e31, None, open, Abnormal patient identifiers}",new,Test 236,2026-04-24T14:45:17+00:00
AA001-001,"{0, Default}",,ACT-22512,,2026-04-24T14:45:30+00:00,True,,Test 236,,[],69eb820a737040d6cead3a0f,,,,,,,"{null, Site-wide, Critical Data, SIG-31813, Abnormal patient identifiers found in DM, [], 6723861baffdc8580e173e31, None, open, Abnormal patient identifiers}",new,Test 236,2026-04-24T14:45:30+00:00
AA001-001,"{0, Default}",,ACT-22513,,2026-04-24T14:45:36+00:00,True,,Test 236,,[],69eb8210f5a22ce051678b64,,,,,,,"{null, Site-wide, Critical Data, SIG-31813, Abnormal patient identifiers found in DM, [], 6723861baffdc8580e173e31, None, open, Abnormal patient identifiers}",new,Test 236,2026-04-24T14:45:36+00:00
AA001-001,"{0, Default}",,ACT-22514,,2026-04-24T14:45:42+00:00,True,,Test 237,,[],69eb8216d07e933ecddf3226,,,,,,,"{null, Site-wide, Critical Data, SIG-31813, Abnormal patient identifiers found in DM, [], 6723861baffdc8580e173e31, None, open, Abnormal patient identifiers}",new,Test 237,2026-04-24T14:45:42+00:00
AA001-001,"{0, Default}",,ACT-22515,,2026-04-24T14:45:48+00:00,True,,Test 238,,[],69eb821c1782d51f411f70f2,,,,,,,"{null, Site-wide, Critical Data, SIG-31813, Abnormal patient identifiers found in DM, [], 6723861baffdc8580e173e31, None, open, Abnormal patient identifiers}",new,Test 238,2026-04-24T14:45:48+00:00
AA001-001,"{0, Default}",,ACT-22516,,2026-04-24T14:45:55+00:00,True,,Test 239,,[],69eb8223c3734fc2e279e6ef,,,,,,,"{null, Site-wide, Critical Data, SIG-31813, Abnormal patient identifiers found in DM, [], 6723861baffdc8580e173e31, None, open, Abnormal patient identifiers}",new,Test 239,2026-04-24T14:45:55+00:00
AA001-001,"{0, Default}",,ACT-22517,,2026-04-24T14:46:04+00:00,True,,Test 240,,[],69eb822cc3734fc2e279e6f0,,,,,,,"{null, Site-wide, Critical Data, SIG-31813, Abnormal patient identifiers found in DM, [], 6723861baffdc8580e173e31, None, open, Abnormal patient identifiers}",new,Test 240,2026-04-24T14:46:04+00:00
AA001-001,"{0, Default}",,ACT-22518,,2026-04-24T14:46:14+00:00,True,,Test 241,,[],69eb82361782d51f411f70f3,,,,,,,"{null, Site-wide, Critical Data, SIG-31813, Abnormal patient identifiers found in DM, [], 6723861baffdc8580e173e31, None, open, Abnormal patient identifiers}",new,Test 241,2026-04-24T14:46:14+00:00
AA001-001,"{0, Default}",,ACT-22519,,2026-04-24T14:46:20+00:00,True,,Test 242,,[],69eb823cb5b06a238d1ebc7e,,,,,,,"{null, Site-wide, Critical Data, SIG-31813, Abnormal patient identifiers found in DM, [], 6723861baffdc8580e173e31, None, open, Abnormal patient identifiers}",new,Test 242,2026-04-24T14:46:20+00:00
AA001-001,"{0, Default}",,ACT-22520,,2026-04-24T14:46:26+00:00,True,,Test 243,,[],69eb82421782d51f411f70f4,,,,,,,"{null, Site-wide, Critical Data, SIG-31813, Abnormal patient identifiers found in DM, [], 6723861baffdc8580e173e31, None, open, Abnormal patient identifiers}",new,Test 243,2026-04-24T14:46:26+00:00
AA001-001,"{0, Default}",,ACT-22521,,2026-04-24T14:46:31+00:00,True,,Test 244,,[],69eb8247b5b06a238d1ebc7f,,,,,,,"{null, Site-wide, Critical Data, SIG-31813, Abnormal patient identifiers found in DM, [], 6723861baffdc8580e173e31, None, open, Abnormal patient identifiers}",new,Test 244,2026-04-24T14:46:31+00:00
AA001-001,"{0, Default}",,ACT-22522,,2026-04-24T14:46:36+00:00,True,,Test 245,,[],69eb824c0ef51eb10a867b21,,,,,,,"{null, Site-wide, Critical Data, SIG-31813, Abnormal patient identifiers found in DM, [], 6723861baffdc8580e173e31, None, open, Abnormal patient identifiers}",new,Test 245,2026-04-24T14:46:36+00:00
AA001-001,"{0, Default}",,ACT-22523,,2026-04-24T14:46:42+00:00,True,,Test 246,,[],69eb82520ef51eb10a867b22,,,,,,,"{null, Site-wide, Critical Data, SIG-31813, Abnormal patient identifiers found in DM, [], 6723861baffdc8580e173e31, None, open, Abnormal patient identifiers}",new,Test 246,2026-04-24T14:46:42+00:00
AA001-001,"{0, Default}",,ACT-22524,,2026-04-24T14:46:48+00:00,True,,Test 247,,[],69eb82580ef51eb10a867b23,,,,,,,"{null, Site-wide, Critical Data, SIG-31813, Abnormal patient identifiers found in DM, [], 6723861baffdc8580e173e31, None, open, Abnormal patient identifiers}",new,Test 247,2026-04-24T14:46:48+00:00
AA001-001,"{0, Default}",,ACT-22525,,2026-04-24T14:46:53+00:00,True,,Test 248,,[],69eb825df5a22ce051678b65,,,,,,,"{null, Site-wide, Critical Data, SIG-31813, Abnormal patient identifiers found in DM, [], 6723861baffdc8580e173e31, None, open, Abnormal patient identifiers}",new,Test 248,2026-04-24T14:46:53+00:00
AA001-001,"{0, Default}",,ACT-22526,,2026-04-24T14:46:59+00:00,True,,Test 249,,[],69eb8263b5b06a238d1ebc80,,,,,,,"{null, Site-wide, Critical Data, SIG-31813, Abnormal patient identifiers found in DM, [], 6723861baffdc8580e173e31, None, open, Abnormal patient identifiers}",new,Test 249,2026-04-24T14:46:59+00:00
AA001-001,"{0, Default}",,ACT-22527,,2026-04-24T14:47:09+00:00,True,,Test 250,,[],69eb826ddababcc4b05fcb9c,,,,,,,"{null, Site-wide, Critical Data, SIG-31813, Abnormal patient identifiers found in DM, [], 6723861baffdc8580e173e31, None, open, Abnormal patient identifiers}",new,Test 250,2026-04-24T14:47:09+00:00
AA001-001,"{0, Default}",,ACT-22528,,2026-04-24T15:12:12+00:00,True,,Testing data extract,,[],69eb884cdababcc4b05fcb9d,,,,,,,"{null, Site-wide, Critical Data, SIG-31813, Abnormal patient identifiers found in DM, [], 6723861baffdc8580e173e31, None, open, Abnormal patient identifiers}",new,Testing data extract,2026-04-24T15:12:12+00:00
AA001-001,"{0, Default}",,ACT-22529,,2026-04-24T15:12:26+00:00,True,,Testing data extract,,[],69eb885a0ef51eb10a867b24,,,,,,,"{null, Site-wide, Critical Data, SIG-31813, Abnormal patient identifiers found in DM, [], 6723861baffdc8580e173e31, None, open, Abnormal patient identifiers}",new,Testing data extract-001,2026-04-24T15:12:26+00:00
AA001-001,"{0, Default}",,ACT-22530,,2026-04-24T15:12:41+00:00,True,,Testing data extract,,[],69eb8869dababcc4b05fcb9e,,,,,,,"{null, Site-wide, Critical Data, SIG-31813, Abnormal patient identifiers found in DM, [], 6723861baffdc8580e173e31, None, open, Abnormal patient identifiers}",new,Testing data extract -002,2026-04-24T15:12:41+00:00
AA001-003,"{0, Default}",290,ACT-7379,Spain,2024-11-26T15:28:12+00:00,False,,Send someone on site to check the dates of births,center,[290],6745e90caffdc8580e1880ea,290,,,,,,"{null, Site-wide, Critical Data, SIG-32294, Patients are born in the future, [290], 6745e90bfa8dadb0b958333b, None, open, Demog: patients are born in the future}",new,Verify the dates of births,2024-11-26T15:28:12+00:00
AA001-003,"{0, Default}",290,ACT-7380,Spain,2024-11-26T15:28:12+00:00,False,,Send someone on site to collect blood samples,center,[290],6745e90c542122ce6136427f,290,,,,,,"{null, Site-wide, Critical Data, SIG-32294, Patients are born in the future, [290], 6745e90bfa8dadb0b958333b, None, open, Demog: patients are born in the future}",new,Collect blood samples,2024-11-26T15:28:12+00:00
AA001-003,"{0, Default}",190,ACT-9678,Belgium,2025-04-03T06:53:04+00:00,True,,Test,center,[190],67ee3050b2439fefb38e829e,190,,2025-06-26,,,,"{null, Atypical Patient(s), Critical Data, SIG-36081, Test, [190], 67e6534f9f327a2fe3dffffa, None, open, Test Signal- Bi Directional flow}",open,New Action 001,2025-04-03T15:14:57+00:00
AA001-003,"{0, Default}",190,ACT-9691,Belgium,2025-04-04T07:01:42+00:00,True,,a,center,[190],67ef83d62d66b18ee5a90abd,190,,2025-06-27,,,,"{null, Atypical Patient(s), Critical Data, SIG-36081, Test, [190], 67e6534f9f327a2fe3dffffa, None, open, Test Signal- Bi Directional flow}",open,Test AS,2025-04-04T08:02:32+00:00
AA001-003,"{0, Default}",190,ACT-9577,Belgium,2025-03-28T07:46:32+00:00,True,,Bidirectional Flow Test,center,[190],67e653d8b3ddd33b04b57560,190,,,,,,"{null, Atypical Patient(s), Critical Data, SIG-36081, Test, [190], 67e6534f9f327a2fe3dffffa, None, open, Test Signal- Bi Directional flow}",new,New Study Onboarded,2025-03-28T07:46:32+00:00
AAR-002,"{0, Default}",290,ACT-9426,Spain,2025-03-25T07:28:57+00:00,True,,test26,center,[290],67e25b395f4f90acb15421a0,290,,2025-06-17,,test 1323,,"{null, Site-wide, Critical Data, SIG-32298, Patients are born in the future, [290], 6745e9adfa8dadb0b9583391, None, open, Demog: patients are born in the future}",stalled,dryruntest26,2025-03-28T06:16:21+00:00
AAR-002,"{0, Default}",290,ACT-8580,Spain,2025-03-13T05:21:30+00:00,True,,dryrun05,center,[290],67d26b5a04f41d686da2e974,290,,,,,,"{null, Site-wide, Critical Data, SIG-32298, Patients are born in the future, [290], 6745e9adfa8dadb0b9583391, None, open, Demog: patients are born in the future}",stalled,dryrun test05_ST,2025-03-13T05:22:27+00:00
AAR-002,"{0, Default}",290,ACT-7382,Spain,2024-11-26T15:30:54+00:00,True,,Send someone on site to collect blood samples,center,[290],6745e9ae9eb233f63e7f4859,290,2025-03-05,2025-02-18,resolved,Sara Joyce,,"{null, Site-wide, Critical Data, SIG-32298, Patients are born in the future, [290], 6745e9adfa8dadb0b9583391, None, open, Demog: patients are born in the future}",stalled,Collect blood samples,2025-03-28T06:16:18+00:00
AAR-002,"{0, Default}",290,ACT-9399,Spain,2025-03-24T09:09:07+00:00,True,,test22,center,[290],67e121335f4f90acb1541823,290,2025-03-24,2025-06-16,FUI is resolved,test 1323,,"{null, Site-wide, Critical Data, SIG-32298, Patients are born in the future, [290], 6745e9adfa8dadb0b9583391, None, open, Demog: patients are born in the future}",resolved,dryrun test22,2025-03-28T06:16:20+00:00
AAR-002,"{0, Default}",290,ACT-9525,Spain,2025-03-27T09:36:00+00:00,True,,action2,center,[290],67e51c00b3ddd33b04b563c4,290,,2025-06-19,,test 1323,,"{null, Site-wide, Critical Data, SIG-32298, Patients are born in the future, [290], 6745e9adfa8dadb0b9583391, None, open, Demog: patients are born in the future}",open,Action02_OpenStatus,2025-04-03T09:02:30+00:00
AAR-002,"{0, Default}",290,ACT-8584,Spain,2025-03-13T05:26:40+00:00,True,,dryrun09,center,[290],67d26c90b49476df387f4d4a,290,,2025-06-05,,test 1323,,"{null, Site-wide, Critical Data, SIG-32298, Patients are born in the future, [290], 6745e9adfa8dadb0b9583391, None, open, Demog: patients are born in the future}",open,dryrun test09_OPEN,2025-03-17T13:02:16+00:00
AAR-002,"{0, Default}",290,ACT-8582,Spain,2025-03-13T05:24:29+00:00,True,,dryrun07,center,[290],67d26c0d04f41d686da2e975,290,,,,,,"{null, Site-wide, Critical Data, SIG-32298, Patients are born in the future, [290], 6745e9adfa8dadb0b9583391, None, open, Demog: patients are born in the future}",resolved,dryrun test07_RS,2025-03-13T05:24:50+00:00
AAR-002,"{0, Default}",290,ACT-8581,Spain,2025-03-13T05:23:17+00:00,True,,dryrun06,center,[290],67d26bc5fd5e9dd948d0d53f,290,,,,,,"{null, Site-wide, Critical Data, SIG-32298, Patients are born in the future, [290], 6745e9adfa8dadb0b9583391, None, open, Demog: patients are born in the future}",deprecated,dryrun test06_DR,2025-03-13T05:24:56+00:00
AAR-002,"{0, Default}",290,ACT-8583,Spain,2025-03-13T05:25:33+00:00,True,,dryrun08,center,[290],67d26c4db49476df387f4d49,290,,,,,,"{null, Site-wide, Critical Data, SIG-32298, Patients are born in the future, [290], 6745e9adfa8dadb0b9583391, None, open, Demog: patients are born in the future}",rejected,dryrun test08_RJ,2025-03-13T05:25:44+00:00
AAR-002,"{0, Default}",290,ACT-9526,Spain,2025-03-27T09:43:49+00:00,True,,Action3,center,[290],67e51dd59f327a2fe3dffe7e,290,,,,,,"{null, Site-wide, Critical Data, SIG-32298, Patients are born in the future, [290], 6745e9adfa8dadb0b9583391, None, open, Demog: patients are born in the future}",stalled,Action03_STALLED,2025-03-27T09:44:05+00:00
AAR-002,"{0, Default}",290,ACT-9529,Spain,2025-03-27T09:46:21+00:00,True,,action6,center,[290],67e51e6db3ddd33b04b563cc,290,,,,,,"{null, Site-wide, Critical Data, SIG-32298, Patients are born in the future, [290], 6745e9adfa8dadb0b9583391, None, open, Demog: patients are born in the future}",rejected,Action06_Rejected,2025-03-27T09:46:37+00:00
AAR-002,"{0, Default}",290,ACT-9527,Spain,2025-03-27T09:44:38+00:00,True,,action4,center,[290],67e51e06b3ddd33b04b563c8,290,,,,,,"{null, Site-wide, Critical Data, SIG-32298, Patients are born in the future, [290], 6745e9adfa8dadb0b9583391, None, open, Demog: patients are born in the future}",deprecated,Action04_Deprecated,2025-03-27T09:44:57+00:00
AAR-002,"{0, Default}",290,ACT-9528,Spain,2025-03-27T09:45:36+00:00,True,,action05,center,[290],67e51e403c7e4d8857a00e91,290,,,,,,"{null, Site-wide, Critical Data, SIG-32298, Patients are born in the future, [290], 6745e9adfa8dadb0b9583391, None, open, Demog: patients are born in the future}",resolved,Action05_Resolved,2025-03-27T09:45:50+00:00
AAR-002,"{0, Default}",290,ACT-8565,Spain,2025-03-12T10:13:21+00:00,True,,dryrun04,center,[290],67d15e41bccbd87fc304c930,290,,2025-06-04,,test 1323,,"{null, Site-wide, Critical Data, SIG-32298, Patients are born in the future, [290], 6745e9adfa8dadb0b9583391, None, open, Demog: patients are born in the future}",open,dryrun test04,2025-03-17T13:02:16+00:00
AAR-002,"{0, Default}",290,ACT-8599,Spain,2025-03-14T04:42:40+00:00,True,,dryrun10,center,[290],67d3b3c0b49476df387f56cc,290,,2025-06-06,,test 1323,,"{null, Site-wide, Critical Data, SIG-32298, Patients are born in the future, [290], 6745e9adfa8dadb0b9583391, None, open, Demog: patients are born in the future}",open,dryrun test10_NEw,2025-03-17T13:02:18+00:00
AAR-002,"{0, Default}",290,ACT-9333,Spain,2025-03-21T06:55:07+00:00,True,,test20,center,[290],67dd0d4b0b45bd136fcd1a4c,290,,2025-06-13,,Sahana Kodandarama,,"{null, Site-wide, Critical Data, SIG-32298, Patients are born in the future, [290], 6745e9adfa8dadb0b9583391, None, open, Demog: patients are born in the future}",stalled,dryrun test20,2025-03-28T06:16:19+00:00
AAR-002,"{0, Default}",290,ACT-9321,Spain,2025-03-20T09:37:47+00:00,True,,test16,center,[290],67dbe1eb726054b5139e616d,290,,2025-06-12,,Sahana Kodandarama,,"{null, Site-wide, Critical Data, SIG-32298, Patients are born in the future, [290], 6745e9adfa8dadb0b9583391, None, open, Demog: patients are born in the future}",stalled,Dryrun test16,2025-03-28T06:16:20+00:00
AAR-002,"{0, Default}",290,ACT-9428,Spain,2025-03-25T07:54:06+00:00,True,,djfajdf,center,[290],67e2611ecc5391bbcfccf1bd,290,,2025-06-17,,Aditya Sharma,,"{null, Site-wide, Critical Data, SIG-32298, Patients are born in the future, [290], 6745e9adfa8dadb0b9583391, None, open, Demog: patients are born in the future}",open,Testoskfk,2025-04-01T11:01:18+00:00
AAR-002,"{0, Default}",290,ACT-9446,Spain,2025-03-25T13:46:09+00:00,True,,test29,center,[290],67e2b3a1bec154edbb2b292c,290,,2025-06-17,,Aditya Sharma,,"{null, Site-wide, Critical Data, SIG-32298, Patients are born in the future, [290], 6745e9adfa8dadb0b9583391, None, open, Demog: patients are born in the future}",open,dryruntest29,2025-05-22T13:32:42+00:00
AAR-002,"{0, Default}",290,ACT-9670,Spain,2025-04-02T14:37:07+00:00,True,,Test,center,[290],67ed4b93c6714b01ea30a34c,290,,2025-06-25,,Aditya Sharma,,"{null, Site-wide, Critical Data, SIG-32298, Patients are born in the future, [290], 6745e9adfa8dadb0b9583391, None, open, Demog: patients are born in the future}",open,Test,2025-04-03T15:14:59+00:00
AAR-002,"{0, Default}",290,ACT-9436,Spain,2025-03-25T11:39:39+00:00,True,,Demog: Patients are born,center,[290],67e295fbbec154edbb2b291a,290,,2025-06-17,,Sara Joyce,,"{null, Site-wide, Critical Data, SIG-32298, Patients are born in the future, [290], 6745e9adfa8dadb0b9583391, None, open, Demog: patients are born in the future}",open,CMN Review - 25March,2025-04-03T09:02:29+00:00
AAR-002,"{0, Default}",290,ACT-9524,Spain,2025-03-27T09:35:30+00:00,True,,Action01,center,[290],67e51be29f327a2fe3dffe79,290,,2025-06-19,,test 1323,,"{null, Site-wide, Critical Data, SIG-32298, Patients are born in the future, [290], 6745e9adfa8dadb0b9583391, None, open, Demog: patients are born in the future}",open,Action01_NewStatus,2025-04-03T09:02:29+00:00
AAR-002,"{0, Default}",290,ACT-7381,Spain,2024-11-26T15:30:53+00:00,False,,Send someone on site to check the dates of births,center,[290],6745e9ad542122ce61364290,290,,,,,,"{null, Site-wide, Critical Data, SIG-32298, Patients are born in the future, [290], 6745e9adfa8dadb0b9583391, None, open, Demog: patients are born in the future}",new,Verify the dates of births,2024-11-26T15:30:53+00:00
AAR-002,"{0, Default}",290,ACT-9438,Spain,2025-03-25T11:41:33+00:00,True,,Demog1,center,[290],67e2966d161b3fd106254c5f,290,,2025-08-01,,test 1323,,"{null, Site-wide, Critical Data, SIG-32298, Patients are born in the future, [290], 6745e9adfa8dadb0b9583391, None, open, Demog: patients are born in the future}",stalled,CMN Review - April2024,2025-03-28T06:16:19+00:00
AAR-002,"{0, Default}",290,ACT-8653,Spain,2025-03-17T13:11:24+00:00,True,,drytest15,center,[290],67d81f7c6eb95459d7a75d32,290,,2025-06-09,,test 1323,,"{null, Site-wide, Critical Data, SIG-32298, Patients are born in the future, [290], 6745e9adfa8dadb0b9583391, None, open, Demog: patients are born in the future}",stalled,dry runtest15,2025-03-17T15:02:11+00:00
AAR-002,"{0, Default}",,ACT-8658,Spain,2025-03-18T07:28:08+00:00,True,,Testing on Blank Site Use case,region,[Spain],67d9208873fead9f4f08812e,Spain,,,,,,"{null, Atypical Patient(s), Critical Data, SIG-35146, Test, [Spain], 67d91303726054b5139e21fd, Low, open, Test Signal}",new,Blank Site,2025-03-18T07:28:08+00:00
AAR-002,"{0, Default}",290,ACT-10827,Spain,2025-05-19T09:35:18+00:00,True,,"{""responseStatus"": ""FAILURE"", ""errors"": [[{""type"": ""INVALID_DATA"", ""message"": ""Invalid value [High number of identical weight values have been carried from one patient visit to successive patient visit for the following tests:\n- Weight: For example, 53kg has been entered for all patient visits for patient. The same pattern is observed in another two patients. \n- Diastolic BP Result: For example, for patient  Diastolic BP result are all identical from Week 4 Day 29 to Week 12 Day 85. \n- Respiratory Rate: All Respiratory Rate values at the site are identical.",center,[290],682afb566a965158d15813ad,290,,,,,,"{null, Site-wide, Critical Data, SIG-35151, Test, [290], 67d9202b73fead9f4f08812b, Low, open, Test}",new,"Patients also have greater fluctuations in their Total Joins and Total Swollen Joints results than is typical. For example, a drop of Swollen from 18 to 1",2025-05-19T09:35:18+00:00
AAR-002,"{0, Default}",290,ACT-9437,Spain,2025-03-25T11:40:41+00:00,True,,Testing,center,[290],67e29639bec154edbb2b291b,290,2025-03-25,2025-06-17,This is complete.,test 1323,,"{null, Site-wide, Critical Data, SIG-35151, Test, [290], 67d9202b73fead9f4f08812b, Low, open, Test}",resolved,CMN Review - 25March,2025-03-28T06:16:19+00:00
AAR-002,"{0, Default}",290,ACT-9440,Spain,2025-03-25T13:10:44+00:00,True,,test28,center,[290],67e2ab545f4f90acb1542202,290,,2025-06-17,,STUAT Central Monitor 1,,"{null, Site-wide, Critical Data, SIG-35151, Test, [290], 67d9202b73fead9f4f08812b, Low, open, Test}",open,dryruntest28,2025-04-03T15:14:57+00:00
AAR-002,"{0, Default}",290,ACT-8659,Spain,2025-03-18T07:28:48+00:00,True,,testing Purpose,center,[290],67d920b00b45bd136fccf1d3,290,,2025-06-10,,test 1323,,"{null, Site-wide, Critical Data, SIG-35151, Test, [290], 67d9202b73fead9f4f08812b, Low, open, Test}",open,New action,2025-03-18T12:02:13+00:00
AI420-050,"{0, Default}",290,ACT-8217,Spain,2025-02-25T06:49:10+00:00,True,,Testing,center,[290],67bd67e6fd5e9dd948cf1f1d,290,,2025-05-20,,Test qq,,"{null, Site-wide, Critical Data, SIG-32028, Patients are born in the future, [290], 672e4920affdc8580e17ec7d, None, open, Demog: patients are born in the future}",open,test,2025-03-17T13:02:15+00:00
AI420-050,"{0, Default}",290,ACT-8600,Spain,2025-03-14T05:01:58+00:00,True,,dryrun11,center,[290],67d3b846b49476df387f56cd,290,,2025-06-06,,Test qq,,"{null, Site-wide, Critical Data, SIG-32028, Patients are born in the future, [290], 672e4920affdc8580e17ec7d, None, open, Demog: patients are born in the future}",open,dryrun test11,2025-04-03T09:02:29+00:00
AI420-050,"{0, Default}",290,ACT-9334,Spain,2025-03-21T07:13:49+00:00,True,,test21,center,[290],67dd11ad73fead9f4f08caac,290,,2025-03-25,,Sahana Kodandarama,,"{null, Site-wide, Critical Data, SIG-32028, Patients are born in the future, [290], 672e4920affdc8580e17ec7d, None, open, Demog: patients are born in the future}",stalled,dryrun test21,2025-03-28T06:16:18+00:00
AI420-050,"{0, Default}",290,ACT-8564,Spain,2025-03-12T10:12:28+00:00,True,,dryrun03,center,[290],67d15e0cb49476df387f3162,290,,2025-06-04,,Test qq,,"{null, Site-wide, Critical Data, SIG-32028, Patients are born in the future, [290], 672e4920affdc8580e17ec7d, None, open, Demog: patients are born in the future}",stalled,dryrun test03,2025-03-17T13:02:17+00:00
AI420-050,"{0, Default}",290,ACT-8601,Spain,2025-03-14T05:02:39+00:00,True,,dry run 12,center,[290],67d3b86fb49476df387f56ce,290,,2025-06-06,,Test qq,,"{null, Site-wide, Critical Data, SIG-32028, Patients are born in the future, [290], 672e4920affdc8580e17ec7d, None, open, Demog: patients are born in the future}",stalled,dryrun test12,2025-03-17T13:02:17+00:00
AI420-050,"{0, Default}",290,ACT-9401,Spain,2025-03-24T09:09:46+00:00,True,,test23,center,[290],67e1215abec154edbb2b2550,290,,2025-06-16,,Test qq,,"{null, Site-wide, Critical Data, SIG-32028, Patients are born in the future, [290], 672e4920affdc8580e17ec7d, None, open, Demog: patients are born in the future}",stalled,dryrun test 23,2025-03-28T06:16:19+00:00
AI420-050,"{0, Default}",290,ACT-9427,Spain,2025-03-25T07:29:28+00:00,True,,test27,center,[290],67e25b58bec154edbb2b28c9,290,2025-03-25,2025-06-17,FUI is resolved,Test qq,,"{null, Site-wide, Critical Data, SIG-32028, Patients are born in the future, [290], 672e4920affdc8580e17ec7d, None, open, Demog: patients are born in the future}",resolved,dryruntest27,2025-03-28T06:16:21+00:00
AI420-050,"{0, Default}",290,ACT-9584,Spain,2025-03-28T09:37:11+00:00,True,,test11,center,[290],67e66dc73c7e4d8857a0102c,290,,2025-06-20,,Test qq,,"{null, Site-wide, Critical Data, SIG-32028, Patients are born in the future, [290], 672e4920affdc8580e17ec7d, None, open, Demog: patients are born in the future}",open,Action11_test,2025-04-03T10:02:28+00:00
AI420-050,"{0, Default}",290,ACT-7239,Spain,2024-11-08T17:23:45+00:00,False,,Send someone on site to check the dates of births,center,[290],672e49219eb233f63e7e1f92,290,,,,,,"{null, Site-wide, Critical Data, SIG-32028, Patients are born in the future, [290], 672e4920affdc8580e17ec7d, None, open, Demog: patients are born in the future}",new,Verify the dates of births,2024-11-08T17:23:45+00:00
AI420-050,"{0, Default}",290,ACT-7240,Spain,2024-11-08T17:23:45+00:00,False,,Send someone on site to collect blood samples,center,[290],672e4921542122ce6135d201,290,,,,,,"{null, Site-wide, Critical Data, SIG-32028, Patients are born in the future, [290], 672e4920affdc8580e17ec7d, None, open, Demog: patients are born in the future}",new,Collect blood samples,2024-11-08T17:23:45+00:00
AI420-050,"{0, Default}",290,ACT-8602,Spain,2025-03-14T05:02:59+00:00,True,,dryrun14,center,[290],67d3b88304f41d686da2fdcc,290,2025-03-14,2025-06-06,closing the action,Test qq,,"{null, Site-wide, Critical Data, SIG-32028, Patients are born in the future, [290], 672e4920affdc8580e17ec7d, None, open, Demog: patients are born in the future}",resolved,dryrun test13,2025-03-17T13:02:16+00:00
AI420-050,"{0, Default}",290,ACT-8603,Spain,2025-03-14T05:03:22+00:00,True,,dryrun14,center,[290],67d3b89afd5e9dd948d0d976,290,,2025-03-04,,Test qq,,"{null, Site-wide, Critical Data, SIG-32028, Patients are born in the future, [290], 672e4920affdc8580e17ec7d, None, open, Demog: patients are born in the future}",stalled,dryrun test14,2025-03-17T13:02:17+00:00
CA057-001,"{0, Default}",030,ACT-22293,Greece,2026-03-23T14:19:38+00:00,False,,Test,center,[030],69c14bfa568d6733766c1119,030,,,,,,"{null, Atypical Patient(s), Critical Data, SIG-46394, Testing signal functionality test, [030], 691aebbaa3a4d33c27e4531e, Low, open, Test Signal Release}",new,test,2026-03-23T14:19:38+00:00
CA057-0010,"{0, Default}",050,ACT-17069,China,2026-01-05T05:52:38+00:00,True,,Testing for change in CTMO to CRA,center,[050],695b51a6fac9026711203b9b,050,,,,,,"{null, Atypical Patient(s), Critical Data, SIG-34471, there are multiple results with atypical patterns..., [050], 67c0bc93bccbd87fc3044086, None, open, Local Lab Chemistry Results - Atypical trends}",new,Test Action,2026-01-05T05:52:38+00:00
CA057-0010,"{0, Default}",050,ACT-17070,China,2026-01-05T05:53:49+00:00,True,,CRA,center,[050],695b51ed1082284f8417f36f,050,,,,,,"{null, Atypical Patient(s), Critical Data, SIG-34471, there are multiple results with atypical patterns..., [050], 67c0bc93bccbd87fc3044086, None, open, Local Lab Chemistry Results - Atypical trends}",new,Testing,2026-01-05T05:53:49+00:00
CA057-0011,"{0, Default}",290,ACT-7376,Spain,2024-11-22T19:16:51+00:00,False,,Send someone on site to check the dates of births,center,[290],6740d8a3fa8dadb0b9582b30,290,,,,,,"{null, Site-wide, Critical Data, SIG-32267, Patients are born in the future, [290], 6740d8a2affdc8580e186c34, None, closed, Demog: patients are born in the future}",resolved,Verify the dates of births,2025-12-20T23:27:44+00:00
CA057-0011,"{0, Default}",290,ACT-7377,Spain,2024-11-22T19:16:51+00:00,False,,Send someone on site to collect blood samples,center,[290],6740d8a39eb233f63e7f417f,290,,,,,,"{null, Site-wide, Critical Data, SIG-32267, Patients are born in the future, [290], 6740d8a2affdc8580e186c34, None, closed, Demog: patients are born in the future}",resolved,Collect blood samples,2025-12-20T23:28:05+00:00
CA057-0011,"{0, Default}",,ACT-7821,,2025-02-05T02:16:27+00:00,False,,Please investigate the patient numbers,,[],67a2c9fb69a3bb0912f9d9ee,,,,,,,"{null, Site-wide, Critical Data, SIG-32268, Abnormal patient identifiers found in DM, [], 6740d8a3affdc8580e186c35, High, open, Abnormal patient identifiers}",open,Shylaja Prasad,2025-02-05T02:17:02+00:00
CA057-008,"{0, Default}",site-078,ACT-16216,TUR,2025-11-26T05:59:31+00:00,False,,Change Request,center,[site-078],692697430db0ce5d21cb146f,site-078,,,,,,"{Amrita Sarkar, Atypical Patient(s), Critical Data, SIG-45235, Testing datasource, [site-078], 68d27e4596386f135b644a19, Medium, open, Test Signal}",new,Test Action,2025-11-26T05:59:31+00:00
CA057-008,"{0, Default}",site-078,ACT-17071,TUR,2026-01-05T05:55:08+00:00,True,,Clinical Research Analyst,center,[site-078],695b523c1efbf90bbe97e998,site-078,,,,,,"{Amrita Sarkar, Atypical Patient(s), Critical Data, SIG-45235, Testing datasource, [site-078], 68d27e4596386f135b644a19, Medium, open, Test Signal}",new,Role alignment,2026-01-05T05:55:08+00:00
CA057-008,"{0, Default}",site-032,ACT-17072,KOR,2026-01-05T07:59:17+00:00,True,,CRA in CtMS,center,[site-032],695b6f551082284f8417f380,site-032,,,,,,"{Amrita Sarkar, Site-wide, Critical Data, SIG-47867, Testing, [site-032], 695b6f1d0ce14bcd13127099, None, open, New Test signal}",new,Action testing for Role change,2026-01-05T07:59:17+00:00
CA057-491,"{0, Default}",290,ACT-7372,Spain,2024-11-22T17:06:10+00:00,False,,Send someone on site to check the dates of births,center,[290],6740ba02affdc8580e186bf1,290,,,,,,"{null, Site-wide, Critical Data, SIG-32259, Patients are born in the future, [290], 6740ba01fa8dadb0b9582ae9, None, open, Demog: patients are born in the future}",new,Verify the dates of births,2024-11-22T17:06:10+00:00
CA057-491,"{0, Default}",290,ACT-7373,Spain,2024-11-22T17:06:10+00:00,False,,Send someone on site to collect blood samples,center,[290],6740ba029eb233f63e7f40ca,290,,,,,,"{null, Site-wide, Critical Data, SIG-32259, Patients are born in the future, [290], 6740ba01fa8dadb0b9582ae9, None, open, Demog: patients are born in the future}",new,Collect blood samples,2024-11-22T17:06:10+00:00
CA057-491,"{0, Default}",,ACT-13664,,2025-07-23T10:52:37+00:00,False,,Testing action,,[],6880bef57f6cac8a0fff4eeb,,,,,,,"{null, Site-wide, Critical Data, SIG-32260, Abnormal patient identifiers found in DM, [], 6740ba02fa8dadb0b9582aea, None, open, Abnormal patient identifiers}",new,Test,2025-07-23T10:52:37+00:00
CA088-007,"{0, Default}",290,ACT-15344,Spain,2025-09-16T03:19:31+00:00,False,,Send someone on site to check the dates of births,center,[290],68c8d7435a2a28a0f8f0b9ab,290,,,,,,"{null, Site-wide, Critical Data, SIG-44925, Patients are born in the future, [290], 68c8d7428c0969ab743c4fae, None, open, Demog: patients are born in the future}",new,Verify the dates of births,2025-09-16T03:19:31+00:00
CA088-007,"{0, Default}",290,ACT-15345,Spain,2025-09-16T03:19:31+00:00,False,,Send someone on site to collect blood samples,center,[290],68c8d74377943e45f71c43ac,290,,,,,,"{null, Site-wide, Critical Data, SIG-44925, Patients are born in the future, [290], 68c8d7428c0969ab743c4fae, None, open, Demog: patients are born in the future}",new,Collect blood samples,2025-09-16T03:19:31+00:00
CA088-007,"{0, Default}",183,ACT-17102,USA,2026-01-09T06:14:33+00:00,True,,Testing negative case CRA renaming,center,[183],69609cc9ce86cbc419683375,183,,,,,,"{null, Site-wide, Critical Data, SIG-44927, There is one reported adverse event which is recovered with sequelae. This is a rare event across all centers., [183], 68c8d7445a2a28a0f8f0b9ac, None, open, No Pvalue signal}",new,Negative scenario,2026-01-09T06:14:33+00:00
CA088-007,"{0, Default}",183,ACT-17087,USA,2026-01-08T07:27:36+00:00,True,,CTMo to CRA,center,[183],695f5c681082284f8417fd5e,183,,2026-04-02,,Raghu Nama Teja,,"{null, Site-wide, Critical Data, SIG-44927, There is one reported adverse event which is recovered with sequelae. This is a rare event across all centers., [183], 68c8d7445a2a28a0f8f0b9ac, None, open, No Pvalue signal}",open,CRA Test,2026-01-09T06:29:58+00:00
CA088-007,"{0, Default}",183,ACT-17088,USA,2026-01-08T07:28:04+00:00,True,,CRA,center,[183],695f5c840ce14bcd13129b8c,183,,2026-04-02,,Raghu Nama Teja,,"{null, Site-wide, Critical Data, SIG-44927, There is one reported adverse event which is recovered with sequelae. This is a rare event across all centers., [183], 68c8d7445a2a28a0f8f0b9ac, None, open, No Pvalue signal}",open,Re-labeling,2026-01-09T06:29:59+00:00
CA212-001,"{0, Default}",290,ACT-7241,Spain,2024-11-08T18:07:52+00:00,False,,Send someone on site to check the dates of births,center,[290],672e5378affdc8580e17ec9a,290,,,,,,"{null, Site-wide, Critical Data, SIG-32032, Patients are born in the future, [290], 672e5377fa8dadb0b95729ce, None, open, Demog: patients are born in the future}",new,Verify the dates of births,2024-11-08T18:07:52+00:00
CA212-001,"{0, Default}",290,ACT-7242,Spain,2024-11-08T18:07:52+00:00,False,,Send someone on site to collect blood samples,center,[290],672e53789eb233f63e7e1ff1,290,,,,,,"{null, Site-wide, Critical Data, SIG-32032, Patients are born in the future, [290], 672e5377fa8dadb0b95729ce, None, open, Demog: patients are born in the future}",new,Collect blood samples,2024-11-08T18:07:52+00:00
CA212-001,"{0, Default}",,ACT-7709,,2025-01-16T07:08:30+00:00,False,,Visit on-site to verify,,[],6788b06e793886f308bcbbd2,,,,,,,"{null, Site-wide, Critical Data, SIG-32033, Abnormal patient identifiers found in DM, [], 672e5378fa8dadb0b95729cf, None, open, Abnormal patient identifiers}",resolved,Visit Site,2025-01-28T14:30:16+00:00
CA212-001,"{0, Default}",109,ACT-7751,UK,2025-01-24T07:17:22+00:00,False,,test,center,[109],67933e8259eda29b84216384,109,,,,,,"{null, Atypical Patient(s), Critical Data, SIG-33426, Testing, [109], 67933dfc0c356677b80115ba, Low, open, Test}",new,test,2025-01-24T07:17:22+00:00
CA212-001,"{0, Default}",,ACT-7789,Italy,2025-01-28T06:56:07+00:00,False,,Test,region,[Italy],67987f87c9d0bceeda3d231d,Italy,,,,,,"{null, Atypical Patient(s), Non-Critical Data, SIG-33505, Testing signal, [Italy], 67987c5ae3f7cfb4bba0d414, Low, open, Testing}",new,Check onsite,2025-01-28T06:56:07+00:00
CA240-0009,"{0, Default}",290,ACT-7346,Spain,2024-11-21T17:50:38+00:00,False,,Send someone on site to check the dates of births,center,[290],673f72eeaffdc8580e186577,290,,,,,,"{null, Site-wide, Critical Data, SIG-32241, Patients are born in the future, [290], 673f72ed9eb233f63e7f2b88, None, open, Demog: patients are born in the future}",new,Verify the dates of births,2024-11-21T17:50:38+00:00
CA240-0009,"{0, Default}",290,ACT-7347,Spain,2024-11-21T17:50:38+00:00,False,,Send someone on site to collect blood samples,center,[290],673f72eefa8dadb0b9582497,290,,,,,,"{null, Site-wide, Critical Data, SIG-32241, Patients are born in the future, [290], 673f72ed9eb233f63e7f2b88, None, open, Demog: patients are born in the future}",new,Collect blood samples,2024-11-21T17:50:38+00:00
CA245-0001,"{0, Default}",290,ACT-7158,Spain,2024-10-31T14:48:12+00:00,False,,Send someone on site to check the dates of births,center,[290],672398acaffdc8580e173f4a,290,,,,,,"{null, Site-wide, Critical Data, SIG-31826, Patients are born in the future, [290], 672398abfa8dadb0b956a375, None, open, Demog: patients are born in the future}",resolved,Verify the dates of births,2024-11-11T20:33:56+00:00
CA245-0001,"{0, Default}",290,ACT-7159,Spain,2024-10-31T14:48:12+00:00,False,,Send someone on site to collect blood samples,center,[290],672398ac9eb233f63e7dcd32,290,,,,,,"{null, Site-wide, Critical Data, SIG-31826, Patients are born in the future, [290], 672398abfa8dadb0b956a375, None, open, Demog: patients are born in the future}",new,Collect blood samples,2024-10-31T14:48:12+00:00
CA245-0001,"{0, Default}",290,ACT-7244,Spain,2024-11-11T17:48:29+00:00,False,,Site over reports AEs,center,[290],6732436dfa8dadb0b9573d10,290,,,,,,"{null, Site-wide, Critical Data, SIG-31826, Patients are born in the future, [290], 672398abfa8dadb0b956a375, None, open, Demog: patients are born in the future}",resolved,AE overreporting,2024-11-11T19:27:58+00:00
Datashort-1191,"{0, Default}",290,ACT-19877,Spain,2026-01-30T13:25:14+00:00,False,,Send someone on site to check the dates of births,center,[290],697cb13a624a9f843023716b,290,,,,,,"{null, Site-wide, Critical Data, SIG-50943, Patients are born in the future, [290], 697cb139624a9f843023716a, None, open, Demog: patients are born in the future}",new,Verify the dates of births,2026-01-30T13:25:14+00:00
Datashort-1191,"{0, Default}",290,ACT-19878,Spain,2026-01-30T13:25:14+00:00,False,,Send someone on site to collect blood samples,center,[290],697cb13a624a9f843023716c,290,,,,,,"{null, Site-wide, Critical Data, SIG-50943, Patients are born in the future, [290], 697cb139624a9f843023716a, None, open, Demog: patients are born in the future}",new,Collect blood samples,2026-01-30T13:25:14+00:00
Datashort-1212,"{0, Default}",290,ACT-20306,Spain,2026-02-10T18:22:55+00:00,False,,Send someone on site to check the dates of births,center,[290],698b777faf8a18a5a01ce902,290,,,,,,"{null, Site-wide, Critical Data, SIG-51509, Patients are born in the future, [290], 698b777faf8a18a5a01ce901, None, open, Demog: patients are born in the future}",new,Verify the dates of births,2026-02-10T18:22:55+00:00
Datashort-1212,"{0, Default}",290,ACT-20307,Spain,2026-02-10T18:22:56+00:00,False,,Send someone on site to collect blood samples,center,[290],698b7780af8a18a5a01ce903,290,,,,,,"{null, Site-wide, Critical Data, SIG-51509, Patients are born in the future, [290], 698b777faf8a18a5a01ce901, None, open, Demog: patients are born in the future}",new,Collect blood samples,2026-02-10T18:22:56+00:00
Datashort-1278,"{0, Default}",290,ACT-21835,Spain,2026-03-08T23:51:18+00:00,False,,Send someone on site to check the dates of births,center,[290],69ae0b76615ea0bc48ffda5c,290,,,,,,"{null, Site-wide, Critical Data, SIG-53452, Patients are born in the future, [290], 69ae0b75615ea0bc48ffda5b, None, open, Demog: patients are born in the future}",new,Verify the dates of births,2026-03-08T23:51:18+00:00
Datashort-1278,"{0, Default}",290,ACT-21836,Spain,2026-03-08T23:51:18+00:00,False,,Send someone on site to collect blood samples,center,[290],69ae0b76615ea0bc48ffda5d,290,,,,,,"{null, Site-wide, Critical Data, SIG-53452, Patients are born in the future, [290], 69ae0b75615ea0bc48ffda5b, None, open, Demog: patients are born in the future}",new,Collect blood samples,2026-03-08T23:51:18+00:00
Datashort-1383,"{0, Default}",290,ACT-22905,Spain,2026-05-05T13:05:37+00:00,False,,Send someone on site to check the dates of births,center,[290],69f9eb21b5b06a238d1efb67,290,,,,,,"{null, Site-wide, Critical Data, SIG-55538, Patients are born in the future, [290], 69f9eb20b5b06a238d1efb66, None, open, Demog: patients are born in the future}",new,Verify the dates of births,2026-05-05T13:05:37+00:00
Datashort-1383,"{0, Default}",290,ACT-22906,Spain,2026-05-05T13:05:37+00:00,False,,Send someone on site to collect blood samples,center,[290],69f9eb21b5b06a238d1efb68,290,,,,,,"{null, Site-wide, Critical Data, SIG-55538, Patients are born in the future, [290], 69f9eb20b5b06a238d1efb66, None, open, Demog: patients are born in the future}",new,Collect blood samples,2026-05-05T13:05:37+00:00
Datashort-227,"{0, Default}",290,ACT-7344,Spain,2024-11-21T17:50:30+00:00,False,,Send someone on site to check the dates of births,center,[290],673f72e6affdc8580e186570,290,,,,,,"{null, Site-wide, Critical Data, SIG-32237, Patients are born in the future, [290], 673f72e5fa8dadb0b958248c, None, open, Demog: patients are born in the future}",new,Verify the dates of births,2024-11-21T17:50:30+00:00
Datashort-227,"{0, Default}",290,ACT-7345,Spain,2024-11-21T17:50:30+00:00,False,,Send someone on site to collect blood samples,center,[290],673f72e6542122ce6136337e,290,,,,,,"{null, Site-wide, Critical Data, SIG-32237, Patients are born in the future, [290], 673f72e5fa8dadb0b958248c, None, open, Demog: patients are born in the future}",new,Collect blood samples,2024-11-21T17:50:30+00:00
Datashort-365,"{0, Default}",290,ACT-12405,Spain,2025-06-06T13:47:00+00:00,False,,Send someone on site to collect blood samples,center,[290],6842f15412bbfa91d13f64e4,290,,,,,,"{null, Site-wide, Critical Data, SIG-40739, Patients are born in the future, [290], 6842f1531e557589b39db20c, None, open, Demog: patients are born in the future}",new,Collect blood samples,2025-06-06T13:47:00+00:00
Datashort-365,"{0, Default}",290,ACT-12404,Spain,2025-06-06T13:47:00+00:00,False,,Send someone on site to check the dates of births,center,[290],6842f1542e82b4efee8f890e,290,,,,,,"{null, Site-wide, Critical Data, SIG-40739, Patients are born in the future, [290], 6842f1531e557589b39db20c, None, open, Demog: patients are born in the future}",new,Verify the dates of births,2025-06-06T13:47:00+00:00
Datashort-442,"{0, Default}",290,ACT-6963,Spain,2024-10-09T07:36:38+00:00,False,,Send someone on site to check the dates of births,center,[290],67063286b1af6d260e2ff502,290,,,,,,"{null, Site-wide, Critical Data, SIG-31316, Patients are born in the future, [290], 67063285cb921ba6c21dcc67, None, open, Demog: patients are born in the future}",resolved,Verify the dates of births,2024-11-19T15:51:46+00:00
Datashort-442,"{0, Default}",290,ACT-6964,Spain,2024-10-09T07:36:38+00:00,False,,Send someone on site to collect blood samples,center,[290],67063286771fe3bd4996b3cf,290,,,,,,"{null, Site-wide, Critical Data, SIG-31316, Patients are born in the future, [290], 67063285cb921ba6c21dcc67, None, open, Demog: patients are born in the future}",new,Collect blood samples,2024-10-09T07:36:38+00:00
Datashort-443,"{0, Default}",290,ACT-6965,Spain,2024-10-09T07:39:26+00:00,False,,Send someone on site to check the dates of births,center,[290],6706332e771fe3bd4996b475,290,,,,,,"{null, Site-wide, Critical Data, SIG-31320, Patients are born in the future, [290], 6706332ecb921ba6c21dcd0d, None, open, Demog: patients are born in the future}",new,Verify the dates of births,2024-10-09T07:39:26+00:00
Datashort-443,"{0, Default}",290,ACT-6966,Spain,2024-10-09T07:39:26+00:00,False,,Send someone on site to collect blood samples,center,[290],6706332eb1af6d260e2ff59a,290,,,,,,"{null, Site-wide, Critical Data, SIG-31320, Patients are born in the future, [290], 6706332ecb921ba6c21dcd0d, None, open, Demog: patients are born in the future}",new,Collect blood samples,2024-10-09T07:39:26+00:00
Datashort-447,"{0, Default}",290,ACT-6983,Spain,2024-10-11T14:34:01+00:00,False,,Send someone on site to check the dates of births,center,[290],67093759b1af6d260e300bc7,290,,,,,,"{null, Site-wide, Critical Data, SIG-31405, Patients are born in the future, [290], 670937590c339712aedb0bc4, None, open, Demog: patients are born in the future}",new,Verify the dates of births,2024-10-11T14:34:01+00:00
Datashort-447,"{0, Default}",290,ACT-6984,Spain,2024-10-11T14:34:01+00:00,False,,Send someone on site to collect blood samples,center,[290],67093759cb921ba6c21e183c,290,,,,,,"{null, Site-wide, Critical Data, SIG-31405, Patients are born in the future, [290], 670937590c339712aedb0bc4, None, open, Demog: patients are born in the future}",new,Collect blood samples,2024-10-11T14:34:01+00:00
Datashort-462,"{0, Default}",290,ACT-7018,Spain,2024-10-16T14:05:26+00:00,False,,Send someone on site to check the dates of births,center,[290],670fc82636c73a5eef8f2a01,290,,,,,,"{null, Site-wide, Critical Data, SIG-31500, Patients are born in the future, [290], 670fc8257578e8103fbb85ea, None, open, Demog: patients are born in the future}",open,Verify the dates of births,2024-10-17T11:41:39+00:00
Datashort-462,"{0, Default}",290,ACT-7019,Spain,2024-10-16T14:05:26+00:00,False,,Send someone on site to collect blood samples,center,[290],670fc826a786ce7db1368543,290,,,,,,"{null, Site-wide, Critical Data, SIG-31500, Patients are born in the future, [290], 670fc8257578e8103fbb85ea, None, open, Demog: patients are born in the future}",new,Collect blood samples,2024-10-16T14:05:26+00:00
Datashort-543,"{0, Default}",290,ACT-7342,Spain,2024-11-21T17:49:23+00:00,False,,Send someone on site to check the dates of births,center,[290],673f72a3542122ce61363358,290,,,,,,"{null, Site-wide, Critical Data, SIG-32233, Patients are born in the future, [290], 673f72a2affdc8580e186543, None, open, Demog: patients are born in the future}",new,Verify the dates of births,2024-11-21T17:49:23+00:00
Datashort-543,"{0, Default}",290,ACT-7343,Spain,2024-11-21T17:49:23+00:00,False,,Send someone on site to collect blood samples,center,[290],673f72a39eb233f63e7f2b1a,290,,,,,,"{null, Site-wide, Critical Data, SIG-32233, Patients are born in the future, [290], 673f72a2affdc8580e186543, None, open, Demog: patients are born in the future}",new,Collect blood samples,2024-11-21T17:49:23+00:00
Datashort-5541,"{0, Default}",290,ACT-7151,Spain,2024-10-30T16:35:34+00:00,False,,Send someone on site to check the dates of births,center,[290],672260564f1ef216879286ca,290,,,,,,"{null, Site-wide, Critical Data, SIG-31808, Patients are born in the future, [290], 67226056045e60e4dda0d18d, None, open, Demog: patients are born in the future}",new,Verify the dates of births,2024-10-30T16:35:34+00:00
Datashort-5541,"{0, Default}",290,ACT-7152,Spain,2024-10-30T16:35:34+00:00,False,,Send someone on site to collect blood samples,center,[290],6722605679dd673a4dd72149,290,,,,,,"{null, Site-wide, Critical Data, SIG-31808, Patients are born in the future, [290], 67226056045e60e4dda0d18d, None, open, Demog: patients are born in the future}",new,Collect blood samples,2024-10-30T16:35:34+00:00
Datashort-586,"{0, Default}",290,ACT-7426,Spain,2024-12-08T21:19:18+00:00,False,,Send someone on site to check the dates of births,center,[290],67560d5659d5cd2d09e2afb7,290,,,,,,"{null, Site-wide, Critical Data, SIG-32634, Patients are born in the future, [290], 67560d55420f870d040df381, None, open, Demog: patients are born in the future}",new,Verify the dates of births,2024-12-08T21:19:18+00:00
Datashort-586,"{0, Default}",290,ACT-7427,Spain,2024-12-08T21:19:18+00:00,False,,Send someone on site to collect blood samples,center,[290],67560d564689c0c295a4f5e9,290,,,,,,"{null, Site-wide, Critical Data, SIG-32634, Patients are born in the future, [290], 67560d55420f870d040df381, None, open, Demog: patients are born in the future}",new,Collect blood samples,2024-12-08T21:19:18+00:00
Datashort-719,"{0, Default}",290,ACT-13017,Spain,2025-07-01T19:06:18+00:00,False,,Send someone on site to collect blood samples,center,[290],686431aaca735c6a04569b81,290,,,,,,"{null, Site-wide, Critical Data, SIG-41669, Patients are born in the future, [290], 686431a924fbc4d723867bd4, None, open, Demog: patients are born in the future}",new,Collect blood samples,2025-07-01T19:06:18+00:00
Datashort-719,"{0, Default}",290,ACT-13016,Spain,2025-07-01T19:06:18+00:00,False,,Send someone on site to check the dates of births,center,[290],686431aa8ecce8f015846a0a,290,,,,,,"{null, Site-wide, Critical Data, SIG-41669, Patients are born in the future, [290], 686431a924fbc4d723867bd4, None, open, Demog: patients are born in the future}",new,Verify the dates of births,2025-07-01T19:06:18+00:00
Datashort-868,"{0, Default}",290,ACT-15308,Spain,2025-09-06T02:06:12+00:00,False,,Send someone on site to check the dates of births,center,[290],68bb9714e278c8d9a4efc35b,290,,,,,,"{null, Site-wide, Critical Data, SIG-44625, Patients are born in the future, [290], 68bb971370e69b725d477975, None, open, Demog: patients are born in the future}",new,Verify the dates of births,2025-09-06T02:06:12+00:00
Datashort-868,"{0, Default}",290,ACT-15309,Spain,2025-09-06T02:06:12+00:00,False,,Send someone on site to collect blood samples,center,[290],68bb97144e4360de55bd3c59,290,,,,,,"{null, Site-wide, Critical Data, SIG-44625, Patients are born in the future, [290], 68bb971370e69b725d477975, None, open, Demog: patients are born in the future}",new,Collect blood samples,2025-09-06T02:06:12+00:00
Datashort-868,"{0, Default}",190,ACT-15959,Belgium,2025-10-17T13:14:46+00:00,False,,Test,center,[190],68f241461babd8272cadb6e0,190,,,,,,"{null, Atypical Patient(s), Non-Critical Data, SIG-46056, Check Patient DOB, [190], 68f240ae1babd8272cadb6df, Medium, open, Test Data}",new,Check Onsite,2025-10-17T13:14:46+00:00
Datashort-965,"{0, Default}",290,ACT-15457,Spain,2025-10-01T14:09:04+00:00,False,,Send someone on site to check the dates of births,center,[290],68dd3600211ca7039d01fb72,290,,,,,,"{null, Site-wide, Critical Data, SIG-45300, Patients are born in the future, [290], 68dd35ff6c614560090efeca, None, open, Demog: patients are born in the future}",new,Verify the dates of births,2025-10-01T14:09:04+00:00
Datashort-965,"{0, Default}",290,ACT-15458,Spain,2025-10-01T14:09:04+00:00,False,,Send someone on site to collect blood samples,center,[290],68dd36005a2a28a0f8f1980d,290,,,,,,"{null, Site-wide, Critical Data, SIG-45300, Patients are born in the future, [290], 68dd35ff6c614560090efeca, None, open, Demog: patients are born in the future}",new,Collect blood samples,2025-10-01T14:09:04+00:00
Datashort-geo-11,"{0, Default}",290,ACT-7374,Spain,2024-11-22T17:45:48+00:00,False,,Send someone on site to check the dates of births,center,[290],6740c34caffdc8580e186c18,290,,,,,,"{null, Site-wide, Critical Data, SIG-32263, Patients are born in the future, [290], 6740c34bfa8dadb0b9582b11, None, open, Demog: patients are born in the future}",new,Verify the dates of births,2024-11-22T17:45:48+00:00
Datashort-geo-11,"{0, Default}",290,ACT-7375,Spain,2024-11-22T17:45:48+00:00,False,,Send someone on site to collect blood samples,center,[290],6740c34c542122ce61363aa8,290,,,,,,"{null, Site-wide, Critical Data, SIG-32263, Patients are born in the future, [290], 6740c34bfa8dadb0b9582b11, None, open, Demog: patients are born in the future}",new,Collect blood samples,2024-11-22T17:45:48+00:00
Harmony-66,"{0, Default}",109,ACT-22339,UK,2026-04-01T13:08:18+00:00,False,,Test,subject,[208109026],69cd18c24b8a2343548608f0,208109026,,,,,,"{Amrita Sarkar, Atypical Patient(s), Critical Data, SIG-54548, Testing Signal, [208109026], 69cd18198fde19de993cd09c, Low, open, Test}",new,Testing Action,2026-04-01T13:08:18+00:00
ILMS-60,"{0, Default}",290,ACT-11616,Spain,2025-05-23T12:23:40+00:00,False,,Send someone on site to collect blood samples,center,[290],683068ccc7c0173efe5a745c,290,,,,,,"{null, Site-wide, Critical Data, SIG-38992, Patients are born in the future, [290], 683068cbd335517ffa1c10f8, None, open, Demog: patients are born in the future}",new,Collect blood samples,2025-05-23T12:23:40+00:00
ILMS-60,"{0, Default}",290,ACT-11615,Spain,2025-05-23T12:23:40+00:00,False,,Send someone on site to check the dates of births,center,[290],683068cc5287ad729c934458,290,,,,,,"{null, Site-wide, Critical Data, SIG-38992, Patients are born in the future, [290], 683068cbd335517ffa1c10f8, None, open, Demog: patients are born in the future}",new,Verify the dates of births,2025-05-23T12:23:40+00:00
ILMS-60,"{0, Default}",109,ACT-15426,UK,2025-09-23T10:12:14+00:00,True,,Patient detail,center,[109],68d2727e6c614560090e6f3e,109,,,,,,"{Amrita Sarkar, Atypical Patient(s), Non-Critical Data, SIG-45234, Check field details, [109], 68d271bf96386f135b6441d0, Low, open, Test Signal- check the patient details}",new,Test,2025-09-23T10:33:55+00:00
ILMS-SIGNALS-103,"{0, Default}",site-056,ACT-6968,ESP,2024-10-09T07:45:08+00:00,False,,Verify if the physician copy the previous measurements for the vital signs.,center,[site-056],67063484cb921ba6c21dcdec,site-056,,,,,,"{null, Site-wide, Critical Data, SIG-31333, A high proportion of propagated values has been highlighted for:
- Heart rate
- Temperature
- Diastolic Blood Pressure
- Systolic Blood pressure
- Respiratory Rate
- Weight, [site-056], 670634820c339712aedaf143, None, open, Vital Signs: Propagation of Values}",new,Verify if physical examination is well performed at each visit,2024-10-09T07:45:08+00:00
ILMS-SIGNALS-12,"{0, Default}",site-056,ACT-6967,ESP,2024-10-09T07:43:55+00:00,False,,Verify if the physician copy the previous measurements for the vital signs.,center,[site-056],6706343b771fe3bd4996b559,site-056,,,,,,"{null, Site-wide, Critical Data, SIG-31323, A high proportion of propagated values has been highlighted for:
- Heart rate
- Temperature
- Diastolic Blood Pressure
- Systolic Blood pressure
- Respiratory Rate
- Weight, [site-056], 6706343acb921ba6c21dcdbb, None, open, Vital Signs: Propagation of Values}",new,Verify if physical examination is well performed at each visit,2024-10-09T07:43:55+00:00
ILMS-SIGNALS-120,"{0, Default}",site-056,ACT-6969,ESP,2024-10-09T11:08:25+00:00,False,,Verify if the physician copy the previous measurements for the vital signs.,center,[site-056],67066429b1af6d260e2ff99b,site-056,,,,,,"{null, Site-wide, Critical Data, SIG-31345, A high proportion of propagated values has been highlighted for:
- Heart rate
- Temperature
- Diastolic Blood Pressure
- Systolic Blood pressure
- Respiratory Rate
- Weight, [site-056], 67066427771fe3bd4996b6b2, None, open, Vital Signs: Propagation of Values}",new,Verify if physical examination is well performed at each visit,2024-10-10T11:06:45+00:00
ILMS-SIGNALS-133,"{0, Default}",site-056,ACT-7049,ESP,2024-10-22T06:02:05+00:00,False,,Verify if the physician copy the previous measurements for the vital signs.,center,[site-056],67173fdd7578e8103fbc036c,site-056,,,,,,"{null, Site-wide, Critical Data, SIG-31553, A high proportion of propagated values has been highlighted for:
- Heart rate
- Temperature
- Diastolic Blood Pressure
- Systolic Blood pressure
- Respiratory Rate
- Weight, [site-056], 67173fdba786ce7db136beec, None, open, Vital Signs: Propagation of Values}",new,Verify if physical examination is well performed at each visit,2024-10-22T06:02:05+00:00
ILMS-SIGNALS-134,"{0, Default}",site-056,ACT-7052,ESP,2024-10-22T06:58:22+00:00,False,,Verify if the physician copy the previous measurements for the vital signs.,center,[site-056],67174d0e7578e8103fbc03e1,site-056,,,,,,"{null, Site-wide, Critical Data, SIG-31563, A high proportion of propagated values has been highlighted for:
- Heart rate
- Temperature
- Diastolic Blood Pressure
- Systolic Blood pressure
- Respiratory Rate
- Weight, [site-056], 67174d0c36c73a5eef8faf00, None, open, Vital Signs: Propagation of Values}",new,Verify if physical examination is well performed at each visit,2024-10-22T06:58:22+00:00
ILMS-SIGNALS-232,"{0, Default}",site-056,ACT-17086,ESP,2026-01-08T07:15:32+00:00,False,,Verify if the physician copy the previous measurements for the vital signs.,center,[site-056],695f5994bea03ab97b068aff,site-056,,,,,,"{null, Site-wide, Critical Data, SIG-47911, A high proportion of propagated values has been highlighted for:
- Heart rate
- Temperature
- Diastolic Blood Pressure
- Systolic Blood pressure
- Respiratory Rate
- Weight, [site-056], 695f5993bea03ab97b068afe, None, open, Vital Signs: Propagation of Values}",new,Verify if physical examination is well performed at each visit,2026-01-08T07:15:32+00:00
ILMS-SIGNALS-238,"{0, Default}",site-076,ACT-19452,RUS,2026-01-11T17:36:13+00:00,False,,Verify if the physician copy the previous measurements for the vital signs.,center,[site-076],6963df8d153a502d070d9f99,site-076,,,,,,"{null, Site-wide, Critical Data, SIG-50316, Lorem Ipsum Dolor Sit Amet, [site-076], 6963df8d153a502d070d9f98, None, open, Signal 0}",new,Verify if physical examination is well performed at each visit,2026-01-11T17:36:13+00:00
ILMS-SIGNALS-238,"{0, Default}",site-131,ACT-19453,GBR,2026-01-11T17:36:14+00:00,False,,Verify if the physician copy the previous measurements for the vital signs.,center,[site-131],6963df8e153a502d070d9f9b,site-131,,,,,,"{null, Site-wide, Critical Data, SIG-50317, Lorem Ipsum Dolor Sit Amet, [site-131], 6963df8d153a502d070d9f9a, None, open, Signal 1}",new,Verify if physical examination is well performed at each visit,2026-01-11T17:36:14+00:00
ILMS-SIGNALS-238,"{0, Default}",site-137,ACT-19454,DEU,2026-01-11T17:36:15+00:00,False,,Verify if the physician copy the previous measurements for the vital signs.,center,[site-137],6963df8f153a502d070d9f9d,site-137,,,,,,"{null, Site-wide, Critical Data, SIG-50318, Lorem Ipsum Dolor Sit Amet, [site-137], 6963df8e153a502d070d9f9c, None, open, Signal 2}",new,Verify if physical examination is well performed at each visit,2026-01-11T17:36:15+00:00
ILMS-SIGNALS-238,"{0, Default}",site-040,ACT-19455,TWN,2026-01-11T17:36:15+00:00,False,,Verify if the physician copy the previous measurements for the vital signs.,center,[site-040],6963df8f153a502d070d9f9f,site-040,,,,,,"{null, Site-wide, Critical Data, SIG-50319, Lorem Ipsum Dolor Sit Amet, [site-040], 6963df8f153a502d070d9f9e, None, open, Signal 3}",new,Verify if physical examination is well performed at each visit,2026-01-11T17:36:15+00:00
ILMS-SIGNALS-238,"{0, Default}",site-060,ACT-19456,ESP,2026-01-11T17:36:16+00:00,False,,Verify if the physician copy the previous measurements for the vital signs.,center,[site-060],6963df90153a502d070d9fa1,site-060,,,,,,"{null, Site-wide, Critical Data, SIG-50320, Lorem Ipsum Dolor Sit Amet, [site-060], 6963df8f153a502d070d9fa0, None, open, Signal 4}",new,Verify if physical examination is well performed at each visit,2026-01-11T17:36:16+00:00
ILMS-SIGNALS-238,"{0, Default}",site-018,ACT-19457,CAN,2026-01-11T17:36:17+00:00,False,,Verify if the physician copy the previous measurements for the vital signs.,center,[site-018],6963df91153a502d070d9fa3,site-018,,,,,,"{null, Site-wide, Critical Data, SIG-50321, Lorem Ipsum Dolor Sit Amet, [site-018], 6963df90153a502d070d9fa2, None, open, Signal 5}",new,Verify if physical examination is well performed at each visit,2026-01-11T17:36:17+00:00
ILMS-SIGNALS-238,"{0, Default}",site-001,ACT-19458,AUS,2026-01-11T17:36:17+00:00,False,,Verify if the physician copy the previous measurements for the vital signs.,center,[site-001],6963df91153a502d070d9fa5,site-001,,,,,,"{null, Site-wide, Critical Data, SIG-50322, Lorem Ipsum Dolor Sit Amet, [site-001], 6963df91153a502d070d9fa4, None, open, Signal 6}",new,Verify if physical examination is well performed at each visit,2026-01-11T17:36:17+00:00
ILMS-SIGNALS-238,"{0, Default}",site-125,ACT-19459,JPN,2026-01-11T17:36:18+00:00,False,,Verify if the physician copy the previous measurements for the vital signs.,center,[site-125],6963df92153a502d070d9fa7,site-125,,,,,,"{null, Site-wide, Critical Data, SIG-50323, Lorem Ipsum Dolor Sit Amet, [site-125], 6963df92153a502d070d9fa6, None, open, Signal 7}",new,Verify if physical examination is well performed at each visit,2026-01-11T17:36:18+00:00
ILMS-SIGNALS-238,"{0, Default}",site-088,ACT-19460,COL,2026-01-11T17:36:19+00:00,False,,Verify if the physician copy the previous measurements for the vital signs.,center,[site-088],6963df93153a502d070d9fa9,site-088,,,,,,"{null, Site-wide, Critical Data, SIG-50324, Lorem Ipsum Dolor Sit Amet, [site-088], 6963df92153a502d070d9fa8, None, open, Signal 8}",new,Verify if physical examination is well performed at each visit,2026-01-11T17:36:19+00:00
ILMS-SIGNALS-238,"{0, Default}",site-022,ACT-19461,TWN,2026-01-11T17:36:19+00:00,False,,Verify if the physician copy the previous measurements for the vital signs.,center,[site-022],6963df93153a502d070d9fab,site-022,,,,,,"{null, Site-wide, Critical Data, SIG-50325, Lorem Ipsum Dolor Sit Amet, [site-022], 6963df93153a502d070d9faa, None, open, Signal 9}",new,Verify if physical examination is well performed at each visit,2026-01-11T17:36:19+00:00
ILMS-SIGNALS-238,"{0, Default}",site-068,ACT-19462,COL,2026-01-11T17:36:20+00:00,False,,Verify if the physician copy the previous measurements for the vital signs.,center,[site-068],6963df94153a502d070d9fad,site-068,,,,,,"{null, Site-wide, Critical Data, SIG-50326, Lorem Ipsum Dolor Sit Amet, [site-068], 6963df94153a502d070d9fac, None, open, Signal 10}",new,Verify if physical examination is well performed at each visit,2026-01-11T17:36:20+00:00
ILMS-SIGNALS-238,"{0, Default}",site-016,ACT-19463,GBR,2026-01-11T17:36:21+00:00,False,,Verify if the physician copy the previous measurements for the vital signs.,center,[site-016],6963df95153a502d070d9faf,site-016,,,,,,"{null, Site-wide, Critical Data, SIG-50327, Lorem Ipsum Dolor Sit Amet, [site-016], 6963df94153a502d070d9fae, None, open, Signal 11}",new,Verify if physical examination is well performed at each visit,2026-01-11T17:36:21+00:00
ILMS-SIGNALS-238,"{0, Default}",site-106,ACT-19464,TWN,2026-01-11T17:36:21+00:00,False,,Verify if the physician copy the previous measurements for the vital signs.,center,[site-106],6963df95153a502d070d9fb1,site-106,,,,,,"{null, Site-wide, Critical Data, SIG-50328, Lorem Ipsum Dolor Sit Amet, [site-106], 6963df95153a502d070d9fb0, None, open, Signal 12}",new,Verify if physical examination is well performed at each visit,2026-01-11T17:36:21+00:00
ILMS-SIGNALS-238,"{0, Default}",site-018,ACT-19465,CAN,2026-01-11T17:36:22+00:00,False,,Verify if the physician copy the previous measurements for the vital signs.,center,[site-018],6963df96153a502d070d9fb3,site-018,,,,,,"{null, Site-wide, Critical Data, SIG-50329, Lorem Ipsum Dolor Sit Amet, [site-018], 6963df96153a502d070d9fb2, None, open, Signal 13}",new,Verify if physical examination is well performed at each visit,2026-01-11T17:36:22+00:00
ILMS-SIGNALS-238,"{0, Default}",site-051,ACT-19466,KOR,2026-01-11T17:36:23+00:00,False,,Verify if the physician copy the previous measurements for the vital signs.,center,[site-051],6963df97153a502d070d9fb5,site-051,,,,,,"{null, Site-wide, Critical Data, SIG-50330, Lorem Ipsum Dolor Sit Amet, [site-051], 6963df96153a502d070d9fb4, None, open, Signal 14}",new,Verify if physical examination is well performed at each visit,2026-01-11T17:36:23+00:00
ILMS-SIGNALS-238,"{0, Default}",site-059,ACT-19467,CAN,2026-01-11T17:36:23+00:00,False,,Verify if the physician copy the previous measurements for the vital signs.,center,[site-059],6963df97153a502d070d9fb7,site-059,,,,,,"{null, Site-wide, Critical Data, SIG-50331, Lorem Ipsum Dolor Sit Amet, [site-059], 6963df97153a502d070d9fb6, None, open, Signal 15}",new,Verify if physical examination is well performed at each visit,2026-01-11T17:36:23+00:00
ILMS-SIGNALS-238,"{0, Default}",site-111,ACT-19468,JPN,2026-01-11T17:36:24+00:00,False,,Verify if the physician copy the previous measurements for the vital signs.,center,[site-111],6963df98153a502d070d9fb9,site-111,,,,,,"{null, Site-wide, Critical Data, SIG-50332, Lorem Ipsum Dolor Sit Amet, [site-111], 6963df98153a502d070d9fb8, None, open, Signal 16}",new,Verify if physical examination is well performed at each visit,2026-01-11T17:36:24+00:00
ILMS-SIGNALS-238,"{0, Default}",site-066,ACT-19469,UKR,2026-01-11T17:36:25+00:00,False,,Verify if the physician copy the previous measurements for the vital signs.,center,[site-066],6963df99153a502d070d9fbb,site-066,,,,,,"{null, Site-wide, Critical Data, SIG-50333, Lorem Ipsum Dolor Sit Amet, [site-066], 6963df98153a502d070d9fba, None, open, Signal 17}",new,Verify if physical examination is well performed at each visit,2026-01-11T17:36:25+00:00
ILMS-SIGNALS-238,"{0, Default}",site-036,ACT-19470,COL,2026-01-11T17:36:25+00:00,False,,Verify if the physician copy the previous measurements for the vital signs.,center,[site-036],6963df99153a502d070d9fbd,site-036,,,,,,"{null, Site-wide, Critical Data, SIG-50334, Lorem Ipsum Dolor Sit Amet, [site-036], 6963df99153a502d070d9fbc, None, open, Signal 18}",new,Verify if physical examination is well performed at each visit,2026-01-11T17:36:25+00:00
ILMS-SIGNALS-238,"{0, Default}",site-102,ACT-19471,COL,2026-01-11T17:36:26+00:00,False,,Verify if the physician copy the previous measurements for the vital signs.,center,[site-102],6963df9a153a502d070d9fbf,site-102,,,,,,"{null, Site-wide, Critical Data, SIG-50335, Lorem Ipsum Dolor Sit Amet, [site-102], 6963df99153a502d070d9fbe, None, open, Signal 19}",new,Verify if physical examination is well performed at each visit,2026-01-11T17:36:26+00:00
ILMS-SIGNALS-238,"{0, Default}",site-044,ACT-19472,CHL,2026-01-11T17:36:26+00:00,False,,Verify if the physician copy the previous measurements for the vital signs.,center,[site-044],6963df9a153a502d070d9fc1,site-044,,,,,,"{null, Site-wide, Critical Data, SIG-50336, Lorem Ipsum Dolor Sit Amet, [site-044], 6963df9a153a502d070d9fc0, None, open, Signal 20}",new,Verify if physical examination is well performed at each visit,2026-01-11T17:36:26+00:00
ILMS-SIGNALS-238,"{0, Default}",site-099,ACT-19473,TWN,2026-01-11T17:36:27+00:00,False,,Verify if the physician copy the previous measurements for the vital signs.,center,[site-099],6963df9b153a502d070d9fc3,site-099,,,,,,"{null, Site-wide, Critical Data, SIG-50337, Lorem Ipsum Dolor Sit Amet, [site-099], 6963df9a153a502d070d9fc2, None, open, Signal 21}",new,Verify if physical examination is well performed at each visit,2026-01-11T17:36:27+00:00
ILMS-SIGNALS-238,"{0, Default}",site-010,ACT-19474,ESP,2026-01-11T17:36:27+00:00,False,,Verify if the physician copy the previous measurements for the vital signs.,center,[site-010],6963df9b153a502d070d9fc5,site-010,,,,,,"{null, Site-wide, Critical Data, SIG-50338, Lorem Ipsum Dolor Sit Amet, [site-010], 6963df9b153a502d070d9fc4, None, open, Signal 22}",new,Verify if physical examination is well performed at each visit,2026-01-11T17:36:27+00:00
ILMS-SIGNALS-238,"{0, Default}",site-136,ACT-19475,KOR,2026-01-11T17:36:28+00:00,False,,Verify if the physician copy the previous measurements for the vital signs.,center,[site-136],6963df9c153a502d070d9fc7,site-136,,,,,,"{null, Site-wide, Critical Data, SIG-50339, Lorem Ipsum Dolor Sit Amet, [site-136], 6963df9b153a502d070d9fc6, None, open, Signal 23}",new,Verify if physical examination is well performed at each visit,2026-01-11T17:36:28+00:00
ILMS-SIGNALS-238,"{0, Default}",site-043,ACT-19476,COL,2026-01-11T17:36:28+00:00,False,,Verify if the physician copy the previous measurements for the vital signs.,center,[site-043],6963df9c153a502d070d9fc9,site-043,,,,,,"{null, Site-wide, Critical Data, SIG-50340, Lorem Ipsum Dolor Sit Amet, [site-043], 6963df9c153a502d070d9fc8, None, open, Signal 24}",new,Verify if physical examination is well performed at each visit,2026-01-11T17:36:28+00:00
ILMS-SIGNALS-238,"{0, Default}",site-055,ACT-19477,FRA,2026-01-11T17:36:29+00:00,False,,Verify if the physician copy the previous measurements for the vital signs.,center,[site-055],6963df9d153a502d070d9fcb,site-055,,,,,,"{null, Site-wide, Critical Data, SIG-50341, Lorem Ipsum Dolor Sit Amet, [site-055], 6963df9c153a502d070d9fca, None, open, Signal 25}",new,Verify if physical examination is well performed at each visit,2026-01-11T17:36:29+00:00
ILMS-SIGNALS-238,"{0, Default}",site-107,ACT-19478,UKR,2026-01-11T17:36:29+00:00,False,,Verify if the physician copy the previous measurements for the vital signs.,center,[site-107],6963df9d153a502d070d9fcd,site-107,,,,,,"{null, Site-wide, Critical Data, SIG-50342, Lorem Ipsum Dolor Sit Amet, [site-107], 6963df9d153a502d070d9fcc, None, open, Signal 26}",new,Verify if physical examination is well performed at each visit,2026-01-11T17:36:29+00:00
ILMS-SIGNALS-238,"{0, Default}",site-052,ACT-19479,ESP,2026-01-11T17:36:30+00:00,False,,Verify if the physician copy the previous measurements for the vital signs.,center,[site-052],6963df9e153a502d070d9fcf,site-052,,,,,,"{null, Site-wide, Critical Data, SIG-50343, Lorem Ipsum Dolor Sit Amet, [site-052], 6963df9e153a502d070d9fce, None, open, Signal 27}",new,Verify if physical examination is well performed at each visit,2026-01-11T17:36:30+00:00
ILMS-SIGNALS-238,"{0, Default}",site-098,ACT-19480,COL,2026-01-11T17:36:30+00:00,False,,Verify if the physician copy the previous measurements for the vital signs.,center,[site-098],6963df9e153a502d070d9fd1,site-098,,,,,,"{null, Site-wide, Critical Data, SIG-50344, Lorem Ipsum Dolor Sit Amet, [site-098], 6963df9e153a502d070d9fd0, None, open, Signal 28}",new,Verify if physical examination is well performed at each visit,2026-01-11T17:36:30+00:00
ILMS-SIGNALS-238,"{0, Default}",site-093,ACT-19481,TUR,2026-01-11T17:36:31+00:00,False,,Verify if the physician copy the previous measurements for the vital signs.,center,[site-093],6963df9f153a502d070d9fd3,site-093,,,,,,"{null, Site-wide, Critical Data, SIG-50345, Lorem Ipsum Dolor Sit Amet, [site-093], 6963df9f153a502d070d9fd2, None, open, Signal 29}",new,Verify if physical examination is well performed at each visit,2026-01-11T17:36:31+00:00
ILMS-SIGNALS-238,"{0, Default}",site-126,ACT-19482,ITA,2026-01-11T17:36:32+00:00,False,,Verify if the physician copy the previous measurements for the vital signs.,center,[site-126],6963dfa0153a502d070d9fd5,site-126,,,,,,"{null, Site-wide, Critical Data, SIG-50346, Lorem Ipsum Dolor Sit Amet, [site-126], 6963df9f153a502d070d9fd4, None, open, Signal 30}",new,Verify if physical examination is well performed at each visit,2026-01-11T17:36:32+00:00
ILMS-SIGNALS-238,"{0, Default}",site-139,ACT-19483,JPN,2026-01-11T17:36:32+00:00,False,,Verify if the physician copy the previous measurements for the vital signs.,center,[site-139],6963dfa0153a502d070d9fd7,site-139,,,,,,"{null, Site-wide, Critical Data, SIG-50347, Lorem Ipsum Dolor Sit Amet, [site-139], 6963dfa0153a502d070d9fd6, None, open, Signal 31}",new,Verify if physical examination is well performed at each visit,2026-01-11T17:36:32+00:00
ILMS-SIGNALS-238,"{0, Default}",site-115,ACT-19484,TWN,2026-01-11T17:36:33+00:00,False,,Verify if the physician copy the previous measurements for the vital signs.,center,[site-115],6963dfa1153a502d070d9fd9,site-115,,,,,,"{null, Site-wide, Critical Data, SIG-50348, Lorem Ipsum Dolor Sit Amet, [site-115], 6963dfa0153a502d070d9fd8, None, open, Signal 32}",new,Verify if physical examination is well performed at each visit,2026-01-11T17:36:33+00:00
ILMS-SIGNALS-238,"{0, Default}",site-135,ACT-19485,UKR,2026-01-11T17:36:33+00:00,False,,Verify if the physician copy the previous measurements for the vital signs.,center,[site-135],6963dfa1153a502d070d9fdb,site-135,,,,,,"{null, Site-wide, Critical Data, SIG-50349, Lorem Ipsum Dolor Sit Amet, [site-135], 6963dfa1153a502d070d9fda, None, open, Signal 33}",new,Verify if physical examination is well performed at each visit,2026-01-11T17:36:33+00:00
ILMS-SIGNALS-238,"{0, Default}",site-010,ACT-19486,ESP,2026-01-11T17:36:34+00:00,False,,Verify if the physician copy the previous measurements for the vital signs.,center,[site-010],6963dfa2153a502d070d9fdd,site-010,,,,,,"{null, Site-wide, Critical Data, SIG-50350, Lorem Ipsum Dolor Sit Amet, [site-010], 6963dfa1153a502d070d9fdc, None, open, Signal 34}",new,Verify if physical examination is well performed at each visit,2026-01-11T17:36:34+00:00
ILMS-SIGNALS-238,"{0, Default}",site-121,ACT-19487,UKR,2026-01-11T17:36:34+00:00,False,,Verify if the physician copy the previous measurements for the vital signs.,center,[site-121],6963dfa2153a502d070d9fdf,site-121,,,,,,"{null, Site-wide, Critical Data, SIG-50351, Lorem Ipsum Dolor Sit Amet, [site-121], 6963dfa2153a502d070d9fde, None, open, Signal 35}",new,Verify if physical examination is well performed at each visit,2026-01-11T17:36:34+00:00
ILMS-SIGNALS-238,"{0, Default}",site-073,ACT-19488,COL,2026-01-11T17:36:35+00:00,False,,Verify if the physician copy the previous measurements for the vital signs.,center,[site-073],6963dfa3153a502d070d9fe1,site-073,,,,,,"{null, Site-wide, Critical Data, SIG-50352, Lorem Ipsum Dolor Sit Amet, [site-073], 6963dfa2153a502d070d9fe0, None, open, Signal 36}",new,Verify if physical examination is well performed at each visit,2026-01-11T17:36:35+00:00
ILMS-SIGNALS-238,"{0, Default}",site-039,ACT-19489,COL,2026-01-11T17:36:35+00:00,False,,Verify if the physician copy the previous measurements for the vital signs.,center,[site-039],6963dfa3153a502d070d9fe3,site-039,,,,,,"{null, Site-wide, Critical Data, SIG-50353, Lorem Ipsum Dolor Sit Amet, [site-039], 6963dfa3153a502d070d9fe2, None, open, Signal 37}",new,Verify if physical examination is well performed at each visit,2026-01-11T17:36:35+00:00
ILMS-SIGNALS-238,"{0, Default}",site-116,ACT-19490,COL,2026-01-11T17:36:36+00:00,False,,Verify if the physician copy the previous measurements for the vital signs.,center,[site-116],6963dfa4153a502d070d9fe5,site-116,,,,,,"{null, Site-wide, Critical Data, SIG-50354, Lorem Ipsum Dolor Sit Amet, [site-116], 6963dfa3153a502d070d9fe4, None, open, Signal 38}",new,Verify if physical examination is well performed at each visit,2026-01-11T17:36:36+00:00
ILMS-SIGNALS-238,"{0, Default}",site-060,ACT-19491,ESP,2026-01-11T17:36:36+00:00,False,,Verify if the physician copy the previous measurements for the vital signs.,center,[site-060],6963dfa4153a502d070d9fe7,site-060,,,,,,"{null, Site-wide, Critical Data, SIG-50355, Lorem Ipsum Dolor Sit Amet, [site-060], 6963dfa4153a502d070d9fe6, None, open, Signal 39}",new,Verify if physical examination is well performed at each visit,2026-01-11T17:36:36+00:00
ILMS-SIGNALS-238,"{0, Default}",site-125,ACT-19492,JPN,2026-01-11T17:36:37+00:00,False,,Verify if the physician copy the previous measurements for the vital signs.,center,[site-125],6963dfa5153a502d070d9fe9,site-125,,,,,,"{null, Site-wide, Critical Data, SIG-50356, Lorem Ipsum Dolor Sit Amet, [site-125], 6963dfa4153a502d070d9fe8, None, open, Signal 40}",new,Verify if physical examination is well performed at each visit,2026-01-11T17:36:37+00:00
ILMS-SIGNALS-238,"{0, Default}",site-010,ACT-19493,ESP,2026-01-11T17:36:37+00:00,False,,Verify if the physician copy the previous measurements for the vital signs.,center,[site-010],6963dfa5153a502d070d9feb,site-010,,,,,,"{null, Site-wide, Critical Data, SIG-50357, Lorem Ipsum Dolor Sit Amet, [site-010], 6963dfa5153a502d070d9fea, None, open, Signal 41}",new,Verify if physical examination is well performed at each visit,2026-01-11T17:36:37+00:00
ILMS-SIGNALS-238,"{0, Default}",site-099,ACT-19494,TWN,2026-01-11T17:36:38+00:00,False,,Verify if the physician copy the previous measurements for the vital signs.,center,[site-099],6963dfa6153a502d070d9fed,site-099,,,,,,"{null, Site-wide, Critical Data, SIG-50358, Lorem Ipsum Dolor Sit Amet, [site-099], 6963dfa5153a502d070d9fec, None, open, Signal 42}",new,Verify if physical examination is well performed at each visit,2026-01-11T17:36:38+00:00
ILMS-SIGNALS-238,"{0, Default}",site-040,ACT-19495,TWN,2026-01-11T17:36:38+00:00,False,,Verify if the physician copy the previous measurements for the vital signs.,center,[site-040],6963dfa6153a502d070d9fef,site-040,,,,,,"{null, Site-wide, Critical Data, SIG-50359, Lorem Ipsum Dolor Sit Amet, [site-040], 6963dfa6153a502d070d9fee, None, open, Signal 43}",new,Verify if physical examination is well performed at each visit,2026-01-11T17:36:38+00:00
ILMS-SIGNALS-238,"{0, Default}",site-057,ACT-19496,ITA,2026-01-11T17:36:39+00:00,False,,Verify if the physician copy the previous measurements for the vital signs.,center,[site-057],6963dfa7153a502d070d9ff1,site-057,,,,,,"{null, Site-wide, Critical Data, SIG-50360, Lorem Ipsum Dolor Sit Amet, [site-057], 6963dfa6153a502d070d9ff0, None, open, Signal 44}",new,Verify if physical examination is well performed at each visit,2026-01-11T17:36:39+00:00
ILMS-SIGNALS-238,"{0, Default}",site-141,ACT-19497,CHL,2026-01-11T17:36:39+00:00,False,,Verify if the physician copy the previous measurements for the vital signs.,center,[site-141],6963dfa7153a502d070d9ff3,site-141,,,,,,"{null, Site-wide, Critical Data, SIG-50361, Lorem Ipsum Dolor Sit Amet, [site-141], 6963dfa7153a502d070d9ff2, None, open, Signal 45}",new,Verify if physical examination is well performed at each visit,2026-01-11T17:36:39+00:00
ILMS-SIGNALS-238,"{0, Default}",site-016,ACT-19498,GBR,2026-01-11T17:36:40+00:00,False,,Verify if the physician copy the previous measurements for the vital signs.,center,[site-016],6963dfa8153a502d070d9ff5,site-016,,,,,,"{null, Site-wide, Critical Data, SIG-50362, Lorem Ipsum Dolor Sit Amet, [site-016], 6963dfa7153a502d070d9ff4, None, open, Signal 46}",new,Verify if physical examination is well performed at each visit,2026-01-11T17:36:40+00:00
ILMS-SIGNALS-238,"{0, Default}",site-123,ACT-19499,DEU,2026-01-11T17:36:40+00:00,False,,Verify if the physician copy the previous measurements for the vital signs.,center,[site-123],6963dfa8153a502d070d9ff7,site-123,,,,,,"{null, Site-wide, Critical Data, SIG-50363, Lorem Ipsum Dolor Sit Amet, [site-123], 6963dfa8153a502d070d9ff6, None, open, Signal 47}",new,Verify if physical examination is well performed at each visit,2026-01-11T17:36:40+00:00
ILMS-SIGNALS-238,"{0, Default}",site-117,ACT-19500,GBR,2026-01-11T17:36:41+00:00,False,,Verify if the physician copy the previous measurements for the vital signs.,center,[site-117],6963dfa9153a502d070d9ff9,site-117,,,,,,"{null, Site-wide, Critical Data, SIG-50364, Lorem Ipsum Dolor Sit Amet, [site-117], 6963dfa8153a502d070d9ff8, None, open, Signal 48}",new,Verify if physical examination is well performed at each visit,2026-01-11T17:36:41+00:00
ILMS-SIGNALS-238,"{0, Default}",site-128,ACT-19501,JPN,2026-01-11T17:36:41+00:00,False,,Verify if the physician copy the previous measurements for the vital signs.,center,[site-128],6963dfa9153a502d070d9ffb,site-128,,,,,,"{null, Site-wide, Critical Data, SIG-50365, Lorem Ipsum Dolor Sit Amet, [site-128], 6963dfa9153a502d070d9ffa, None, open, Signal 49}",new,Verify if physical examination is well performed at each visit,2026-01-11T17:36:41+00:00
ILMS-SIGNALS-238,"{0, Default}",site-067,ACT-19502,DEU,2026-01-11T17:36:42+00:00,False,,Verify if the physician copy the previous measurements for the vital signs.,center,[site-067],6963dfaa153a502d070d9ffd,site-067,,,,,,"{null, Site-wide, Critical Data, SIG-50366, Lorem Ipsum Dolor Sit Amet, [site-067], 6963dfa9153a502d070d9ffc, None, open, Signal 50}",new,Verify if physical examination is well performed at each visit,2026-01-11T17:36:42+00:00
ILMS-SIGNALS-238,"{0, Default}",site-127,ACT-19503,CHL,2026-01-11T17:36:42+00:00,False,,Verify if the physician copy the previous measurements for the vital signs.,center,[site-127],6963dfaa153a502d070d9fff,site-127,,,,,,"{null, Site-wide, Critical Data, SIG-50367, Lorem Ipsum Dolor Sit Amet, [site-127], 6963dfaa153a502d070d9ffe, None, open, Signal 51}",new,Verify if physical examination is well performed at each visit,2026-01-11T17:36:42+00:00
ILMS-SIGNALS-238,"{0, Default}",site-031,ACT-19504,GBR,2026-01-11T17:36:43+00:00,False,,Verify if the physician copy the previous measurements for the vital signs.,center,[site-031],6963dfab153a502d070da001,site-031,,,,,,"{null, Site-wide, Critical Data, SIG-50368, Lorem Ipsum Dolor Sit Amet, [site-031], 6963dfaa153a502d070da000, None, open, Signal 52}",new,Verify if physical examination is well performed at each visit,2026-01-11T17:36:43+00:00
ILMS-SIGNALS-238,"{0, Default}",site-059,ACT-19505,CAN,2026-01-11T17:36:44+00:00,False,,Verify if the physician copy the previous measurements for the vital signs.,center,[site-059],6963dfac153a502d070da003,site-059,,,,,,"{null, Site-wide, Critical Data, SIG-50369, Lorem Ipsum Dolor Sit Amet, [site-059], 6963dfab153a502d070da002, None, open, Signal 53}",new,Verify if physical examination is well performed at each visit,2026-01-11T17:36:44+00:00
ILMS-SIGNALS-238,"{0, Default}",site-064,ACT-19506,ARG,2026-01-11T17:36:44+00:00,False,,Verify if the physician copy the previous measurements for the vital signs.,center,[site-064],6963dfac153a502d070da005,site-064,,,,,,"{null, Site-wide, Critical Data, SIG-50370, Lorem Ipsum Dolor Sit Amet, [site-064], 6963dfac153a502d070da004, None, open, Signal 54}",new,Verify if physical examination is well performed at each visit,2026-01-11T17:36:44+00:00
ILMS-SIGNALS-238,"{0, Default}",site-136,ACT-19507,KOR,2026-01-11T17:36:45+00:00,False,,Verify if the physician copy the previous measurements for the vital signs.,center,[site-136],6963dfad153a502d070da007,site-136,,,,,,"{null, Site-wide, Critical Data, SIG-50371, Lorem Ipsum Dolor Sit Amet, [site-136], 6963dfac153a502d070da006, None, open, Signal 55}",new,Verify if physical examination is well performed at each visit,2026-01-11T17:36:45+00:00
ILMS-SIGNALS-238,"{0, Default}",site-106,ACT-19508,TWN,2026-01-11T17:36:45+00:00,False,,Verify if the physician copy the previous measurements for the vital signs.,center,[site-106],6963dfad153a502d070da009,site-106,,,,,,"{null, Site-wide, Critical Data, SIG-50372, Lorem Ipsum Dolor Sit Amet, [site-106], 6963dfad153a502d070da008, None, open, Signal 56}",new,Verify if physical examination is well performed at each visit,2026-01-11T17:36:45+00:00
ILMS-SIGNALS-238,"{0, Default}",site-021,ACT-19509,DEU,2026-01-11T17:36:46+00:00,False,,Verify if the physician copy the previous measurements for the vital signs.,center,[site-021],6963dfae153a502d070da00b,site-021,,,,,,"{null, Site-wide, Critical Data, SIG-50373, Lorem Ipsum Dolor Sit Amet, [site-021], 6963dfad153a502d070da00a, None, open, Signal 57}",new,Verify if physical examination is well performed at each visit,2026-01-11T17:36:46+00:00
ILMS-SIGNALS-238,"{0, Default}",site-106,ACT-19510,TWN,2026-01-11T17:36:46+00:00,False,,Verify if the physician copy the previous measurements for the vital signs.,center,[site-106],6963dfae153a502d070da00d,site-106,,,,,,"{null, Site-wide, Critical Data, SIG-50374, Lorem Ipsum Dolor Sit Amet, [site-106], 6963dfae153a502d070da00c, None, open, Signal 58}",new,Verify if physical examination is well performed at each visit,2026-01-11T17:36:46+00:00
ILMS-SIGNALS-238,"{0, Default}",site-127,ACT-19511,CHL,2026-01-11T17:36:47+00:00,False,,Verify if the physician copy the previous measurements for the vital signs.,center,[site-127],6963dfaf153a502d070da00f,site-127,,,,,,"{null, Site-wide, Critical Data, SIG-50375, Lorem Ipsum Dolor Sit Amet, [site-127], 6963dfae153a502d070da00e, None, open, Signal 59}",new,Verify if physical examination is well performed at each visit,2026-01-11T17:36:47+00:00
ILMS-SIGNALS-238,"{0, Default}",site-136,ACT-19512,KOR,2026-01-11T17:36:47+00:00,False,,Verify if the physician copy the previous measurements for the vital signs.,center,[site-136],6963dfaf153a502d070da011,site-136,,,,,,"{null, Site-wide, Critical Data, SIG-50376, Lorem Ipsum Dolor Sit Amet, [site-136], 6963dfaf153a502d070da010, None, open, Signal 60}",new,Verify if physical examination is well performed at each visit,2026-01-11T17:36:47+00:00
ILMS-SIGNALS-238,"{0, Default}",site-049,ACT-19513,POL,2026-01-11T17:36:48+00:00,False,,Verify if the physician copy the previous measurements for the vital signs.,center,[site-049],6963dfb0153a502d070da013,site-049,,,,,,"{null, Site-wide, Critical Data, SIG-50377, Lorem Ipsum Dolor Sit Amet, [site-049], 6963dfaf153a502d070da012, None, open, Signal 61}",new,Verify if physical examination is well performed at each visit,2026-01-11T17:36:48+00:00
ILMS-SIGNALS-238,"{0, Default}",site-051,ACT-19514,KOR,2026-01-11T17:36:48+00:00,False,,Verify if the physician copy the previous measurements for the vital signs.,center,[site-051],6963dfb0153a502d070da015,site-051,,,,,,"{null, Site-wide, Critical Data, SIG-50378, Lorem Ipsum Dolor Sit Amet, [site-051], 6963dfb0153a502d070da014, None, open, Signal 62}",new,Verify if physical examination is well performed at each visit,2026-01-11T17:36:48+00:00
ILMS-SIGNALS-238,"{0, Default}",site-037,ACT-19515,USA,2026-01-11T17:36:49+00:00,False,,Verify if the physician copy the previous measurements for the vital signs.,center,[site-037],6963dfb1153a502d070da017,site-037,,,,,,"{null, Site-wide, Critical Data, SIG-50379, Lorem Ipsum Dolor Sit Amet, [site-037], 6963dfb0153a502d070da016, None, open, Signal 63}",new,Verify if physical examination is well performed at each visit,2026-01-11T17:36:49+00:00
ILMS-SIGNALS-238,"{0, Default}",site-040,ACT-19516,TWN,2026-01-11T17:36:49+00:00,False,,Verify if the physician copy the previous measurements for the vital signs.,center,[site-040],6963dfb1153a502d070da019,site-040,,,,,,"{null, Site-wide, Critical Data, SIG-50380, Lorem Ipsum Dolor Sit Amet, [site-040], 6963dfb1153a502d070da018, None, open, Signal 64}",new,Verify if physical examination is well performed at each visit,2026-01-11T17:36:49+00:00
ILMS-SIGNALS-238,"{0, Default}",site-016,ACT-19517,GBR,2026-01-11T17:36:50+00:00,False,,Verify if the physician copy the previous measurements for the vital signs.,center,[site-016],6963dfb2153a502d070da01b,site-016,,,,,,"{null, Site-wide, Critical Data, SIG-50381, Lorem Ipsum Dolor Sit Amet, [site-016], 6963dfb1153a502d070da01a, None, open, Signal 65}",new,Verify if physical examination is well performed at each visit,2026-01-11T17:36:50+00:00
ILMS-SIGNALS-238,"{0, Default}",site-069,ACT-19518,GBR,2026-01-11T17:36:50+00:00,False,,Verify if the physician copy the previous measurements for the vital signs.,center,[site-069],6963dfb2153a502d070da01d,site-069,,,,,,"{null, Site-wide, Critical Data, SIG-50382, Lorem Ipsum Dolor Sit Amet, [site-069], 6963dfb2153a502d070da01c, None, open, Signal 66}",new,Verify if physical examination is well performed at each visit,2026-01-11T17:36:50+00:00
ILMS-SIGNALS-238,"{0, Default}",site-080,ACT-19519,GBR,2026-01-11T17:36:51+00:00,False,,Verify if the physician copy the previous measurements for the vital signs.,center,[site-080],6963dfb3153a502d070da01f,site-080,,,,,,"{null, Site-wide, Critical Data, SIG-50383, Lorem Ipsum Dolor Sit Amet, [site-080], 6963dfb2153a502d070da01e, None, open, Signal 67}",new,Verify if physical examination is well performed at each visit,2026-01-11T17:36:51+00:00
ILMS-SIGNALS-238,"{0, Default}",site-086,ACT-19520,USA,2026-01-11T17:36:51+00:00,False,,Verify if the physician copy the previous measurements for the vital signs.,center,[site-086],6963dfb3153a502d070da021,site-086,,,,,,"{null, Site-wide, Critical Data, SIG-50384, Lorem Ipsum Dolor Sit Amet, [site-086], 6963dfb3153a502d070da020, None, open, Signal 68}",new,Verify if physical examination is well performed at each visit,2026-01-11T17:36:51+00:00
ILMS-SIGNALS-238,"{0, Default}",site-039,ACT-19521,COL,2026-01-11T17:36:52+00:00,False,,Verify if the physician copy the previous measurements for the vital signs.,center,[site-039],6963dfb4153a502d070da023,site-039,,,,,,"{null, Site-wide, Critical Data, SIG-50385, Lorem Ipsum Dolor Sit Amet, [site-039], 6963dfb4153a502d070da022, None, open, Signal 69}",new,Verify if physical examination is well performed at each visit,2026-01-11T17:36:52+00:00
ILMS-SIGNALS-238,"{0, Default}",site-051,ACT-19522,KOR,2026-01-11T17:36:52+00:00,False,,Verify if the physician copy the previous measurements for the vital signs.,center,[site-051],6963dfb4153a502d070da025,site-051,,,,,,"{null, Site-wide, Critical Data, SIG-50386, Lorem Ipsum Dolor Sit Amet, [site-051], 6963dfb4153a502d070da024, None, open, Signal 70}",new,Verify if physical examination is well performed at each visit,2026-01-11T17:36:52+00:00
ILMS-SIGNALS-238,"{0, Default}",site-059,ACT-19523,CAN,2026-01-11T17:36:53+00:00,False,,Verify if the physician copy the previous measurements for the vital signs.,center,[site-059],6963dfb5153a502d070da027,site-059,,,,,,"{null, Site-wide, Critical Data, SIG-50387, Lorem Ipsum Dolor Sit Amet, [site-059], 6963dfb5153a502d070da026, None, open, Signal 71}",new,Verify if physical examination is well performed at each visit,2026-01-11T17:36:53+00:00
ILMS-SIGNALS-238,"{0, Default}",site-027,ACT-19524,USA,2026-01-11T17:36:54+00:00,False,,Verify if the physician copy the previous measurements for the vital signs.,center,[site-027],6963dfb6153a502d070da029,site-027,,,,,,"{null, Site-wide, Critical Data, SIG-50388, Lorem Ipsum Dolor Sit Amet, [site-027], 6963dfb5153a502d070da028, None, open, Signal 72}",new,Verify if physical examination is well performed at each visit,2026-01-11T17:36:54+00:00
ILMS-SIGNALS-238,"{0, Default}",site-062,ACT-19525,POL,2026-01-11T17:36:54+00:00,False,,Verify if the physician copy the previous measurements for the vital signs.,center,[site-062],6963dfb6153a502d070da02b,site-062,,,,,,"{null, Site-wide, Critical Data, SIG-50389, Lorem Ipsum Dolor Sit Amet, [site-062], 6963dfb6153a502d070da02a, None, open, Signal 73}",new,Verify if physical examination is well performed at each visit,2026-01-11T17:36:54+00:00
ILMS-SIGNALS-238,"{0, Default}",site-129,ACT-19526,TWN,2026-01-11T17:36:55+00:00,False,,Verify if the physician copy the previous measurements for the vital signs.,center,[site-129],6963dfb7153a502d070da02d,site-129,,,,,,"{null, Site-wide, Critical Data, SIG-50390, Lorem Ipsum Dolor Sit Amet, [site-129], 6963dfb6153a502d070da02c, None, open, Signal 74}",new,Verify if physical examination is well performed at each visit,2026-01-11T17:36:55+00:00
ILMS-SIGNALS-238,"{0, Default}",site-088,ACT-19527,COL,2026-01-11T17:36:55+00:00,False,,Verify if the physician copy the previous measurements for the vital signs.,center,[site-088],6963dfb7153a502d070da02f,site-088,,,,,,"{null, Site-wide, Critical Data, SIG-50391, Lorem Ipsum Dolor Sit Amet, [site-088], 6963dfb7153a502d070da02e, None, open, Signal 75}",new,Verify if physical examination is well performed at each visit,2026-01-11T17:36:55+00:00
ILMS-SIGNALS-238,"{0, Default}",site-117,ACT-19528,GBR,2026-01-11T17:36:56+00:00,False,,Verify if the physician copy the previous measurements for the vital signs.,center,[site-117],6963dfb8153a502d070da031,site-117,,,,,,"{null, Site-wide, Critical Data, SIG-50392, Lorem Ipsum Dolor Sit Amet, [site-117], 6963dfb7153a502d070da030, None, open, Signal 76}",new,Verify if physical examination is well performed at each visit,2026-01-11T17:36:56+00:00
ILMS-SIGNALS-238,"{0, Default}",site-045,ACT-19529,AUS,2026-01-11T17:36:56+00:00,False,,Verify if the physician copy the previous measurements for the vital signs.,center,[site-045],6963dfb8153a502d070da033,site-045,,,,,,"{null, Site-wide, Critical Data, SIG-50393, Lorem Ipsum Dolor Sit Amet, [site-045], 6963dfb8153a502d070da032, None, open, Signal 77}",new,Verify if physical examination is well performed at each visit,2026-01-11T17:36:56+00:00
ILMS-SIGNALS-238,"{0, Default}",site-064,ACT-19530,ARG,2026-01-11T17:36:57+00:00,False,,Verify if the physician copy the previous measurements for the vital signs.,center,[site-064],6963dfb9153a502d070da035,site-064,,,,,,"{null, Site-wide, Critical Data, SIG-50394, Lorem Ipsum Dolor Sit Amet, [site-064], 6963dfb8153a502d070da034, None, open, Signal 78}",new,Verify if physical examination is well performed at each visit,2026-01-11T17:36:57+00:00
ILMS-SIGNALS-238,"{0, Default}",site-121,ACT-19531,UKR,2026-01-11T17:36:57+00:00,False,,Verify if the physician copy the previous measurements for the vital signs.,center,[site-121],6963dfb9153a502d070da037,site-121,,,,,,"{null, Site-wide, Critical Data, SIG-50395, Lorem Ipsum Dolor Sit Amet, [site-121], 6963dfb9153a502d070da036, None, open, Signal 79}",new,Verify if physical examination is well performed at each visit,2026-01-11T17:36:57+00:00
ILMS-SIGNALS-238,"{0, Default}",site-074,ACT-19532,TUR,2026-01-11T17:36:58+00:00,False,,Verify if the physician copy the previous measurements for the vital signs.,center,[site-074],6963dfba153a502d070da039,site-074,,,,,,"{null, Site-wide, Critical Data, SIG-50396, Lorem Ipsum Dolor Sit Amet, [site-074], 6963dfb9153a502d070da038, None, open, Signal 80}",new,Verify if physical examination is well performed at each visit,2026-01-11T17:36:58+00:00
ILMS-SIGNALS-238,"{0, Default}",site-045,ACT-19533,AUS,2026-01-11T17:36:58+00:00,False,,Verify if the physician copy the previous measurements for the vital signs.,center,[site-045],6963dfba153a502d070da03b,site-045,,,,,,"{null, Site-wide, Critical Data, SIG-50397, Lorem Ipsum Dolor Sit Amet, [site-045], 6963dfba153a502d070da03a, None, open, Signal 81}",new,Verify if physical examination is well performed at each visit,2026-01-11T17:36:58+00:00
ILMS-SIGNALS-238,"{0, Default}",site-106,ACT-19534,TWN,2026-01-11T17:36:59+00:00,False,,Verify if the physician copy the previous measurements for the vital signs.,center,[site-106],6963dfbb153a502d070da03d,site-106,,,,,,"{null, Site-wide, Critical Data, SIG-50398, Lorem Ipsum Dolor Sit Amet, [site-106], 6963dfba153a502d070da03c, None, open, Signal 82}",new,Verify if physical examination is well performed at each visit,2026-01-11T17:36:59+00:00
ILMS-SIGNALS-238,"{0, Default}",site-138,ACT-19535,AUS,2026-01-11T17:37:00+00:00,False,,Verify if the physician copy the previous measurements for the vital signs.,center,[site-138],6963dfbc153a502d070da03f,site-138,,,,,,"{null, Site-wide, Critical Data, SIG-50399, Lorem Ipsum Dolor Sit Amet, [site-138], 6963dfbb153a502d070da03e, None, open, Signal 83}",new,Verify if physical examination is well performed at each visit,2026-01-11T17:37:00+00:00
ILMS-SIGNALS-238,"{0, Default}",site-002,ACT-19536,RUS,2026-01-11T17:37:00+00:00,False,,Verify if the physician copy the previous measurements for the vital signs.,center,[site-002],6963dfbc153a502d070da041,site-002,,,,,,"{null, Site-wide, Critical Data, SIG-50400, Lorem Ipsum Dolor Sit Amet, [site-002], 6963dfbc153a502d070da040, None, open, Signal 84}",new,Verify if physical examination is well performed at each visit,2026-01-11T17:37:00+00:00
ILMS-SIGNALS-238,"{0, Default}",site-064,ACT-19537,ARG,2026-01-11T17:37:01+00:00,False,,Verify if the physician copy the previous measurements for the vital signs.,center,[site-064],6963dfbd153a502d070da043,site-064,,,,,,"{null, Site-wide, Critical Data, SIG-50401, Lorem Ipsum Dolor Sit Amet, [site-064], 6963dfbc153a502d070da042, None, open, Signal 85}",new,Verify if physical examination is well performed at each visit,2026-01-11T17:37:01+00:00
ILMS-SIGNALS-238,"{0, Default}",site-142,ACT-19538,JPN,2026-01-11T17:37:01+00:00,False,,Verify if the physician copy the previous measurements for the vital signs.,center,[site-142],6963dfbd153a502d070da045,site-142,,,,,,"{null, Site-wide, Critical Data, SIG-50402, Lorem Ipsum Dolor Sit Amet, [site-142], 6963dfbd153a502d070da044, None, open, Signal 86}",new,Verify if physical examination is well performed at each visit,2026-01-11T17:37:01+00:00
ILMS-SIGNALS-238,"{0, Default}",site-057,ACT-19539,ITA,2026-01-11T17:37:02+00:00,False,,Verify if the physician copy the previous measurements for the vital signs.,center,[site-057],6963dfbe153a502d070da047,site-057,,,,,,"{null, Site-wide, Critical Data, SIG-50403, Lorem Ipsum Dolor Sit Amet, [site-057], 6963dfbd153a502d070da046, None, open, Signal 87}",new,Verify if physical examination is well performed at each visit,2026-01-11T17:37:02+00:00
ILMS-SIGNALS-238,"{0, Default}",site-105,ACT-19540,COL,2026-01-11T17:37:02+00:00,False,,Verify if the physician copy the previous measurements for the vital signs.,center,[site-105],6963dfbe153a502d070da049,site-105,,,,,,"{null, Site-wide, Critical Data, SIG-50404, Lorem Ipsum Dolor Sit Amet, [site-105], 6963dfbe153a502d070da048, None, open, Signal 88}",new,Verify if physical examination is well performed at each visit,2026-01-11T17:37:02+00:00
ILMS-SIGNALS-238,"{0, Default}",site-070,ACT-19541,RUS,2026-01-11T17:37:03+00:00,False,,Verify if the physician copy the previous measurements for the vital signs.,center,[site-070],6963dfbf153a502d070da04b,site-070,,,,,,"{null, Site-wide, Critical Data, SIG-50405, Lorem Ipsum Dolor Sit Amet, [site-070], 6963dfbe153a502d070da04a, None, open, Signal 89}",new,Verify if physical examination is well performed at each visit,2026-01-11T17:37:03+00:00
ILMS-SIGNALS-238,"{0, Default}",site-086,ACT-19542,USA,2026-01-11T17:37:03+00:00,False,,Verify if the physician copy the previous measurements for the vital signs.,center,[site-086],6963dfbf153a502d070da04d,site-086,,,,,,"{null, Site-wide, Critical Data, SIG-50406, Lorem Ipsum Dolor Sit Amet, [site-086], 6963dfbf153a502d070da04c, None, open, Signal 90}",new,Verify if physical examination is well performed at each visit,2026-01-11T17:37:03+00:00
ILMS-SIGNALS-238,"{0, Default}",site-118,ACT-19543,JPN,2026-01-11T17:37:04+00:00,False,,Verify if the physician copy the previous measurements for the vital signs.,center,[site-118],6963dfc0153a502d070da04f,site-118,,,,,,"{null, Site-wide, Critical Data, SIG-50407, Lorem Ipsum Dolor Sit Amet, [site-118], 6963dfbf153a502d070da04e, None, open, Signal 91}",new,Verify if physical examination is well performed at each visit,2026-01-11T17:37:04+00:00
ILMS-SIGNALS-238,"{0, Default}",site-036,ACT-19544,COL,2026-01-11T17:37:04+00:00,False,,Verify if the physician copy the previous measurements for the vital signs.,center,[site-036],6963dfc0153a502d070da051,site-036,,,,,,"{null, Site-wide, Critical Data, SIG-50408, Lorem Ipsum Dolor Sit Amet, [site-036], 6963dfc0153a502d070da050, None, open, Signal 92}",new,Verify if physical examination is well performed at each visit,2026-01-11T17:37:04+00:00
ILMS-SIGNALS-238,"{0, Default}",site-105,ACT-19545,COL,2026-01-11T17:37:05+00:00,False,,Verify if the physician copy the previous measurements for the vital signs.,center,[site-105],6963dfc1153a502d070da053,site-105,,,,,,"{null, Site-wide, Critical Data, SIG-50409, Lorem Ipsum Dolor Sit Amet, [site-105], 6963dfc1153a502d070da052, None, open, Signal 93}",new,Verify if physical examination is well performed at each visit,2026-01-11T17:37:05+00:00
ILMS-SIGNALS-238,"{0, Default}",site-049,ACT-19546,POL,2026-01-11T17:37:05+00:00,False,,Verify if the physician copy the previous measurements for the vital signs.,center,[site-049],6963dfc1153a502d070da055,site-049,,,,,,"{null, Site-wide, Critical Data, SIG-50410, Lorem Ipsum Dolor Sit Amet, [site-049], 6963dfc1153a502d070da054, None, open, Signal 94}",new,Verify if physical examination is well performed at each visit,2026-01-11T17:37:05+00:00
ILMS-SIGNALS-238,"{0, Default}",site-117,ACT-19547,GBR,2026-01-11T17:37:06+00:00,False,,Verify if the physician copy the previous measurements for the vital signs.,center,[site-117],6963dfc2153a502d070da057,site-117,,,,,,"{null, Site-wide, Critical Data, SIG-50411, Lorem Ipsum Dolor Sit Amet, [site-117], 6963dfc2153a502d070da056, None, open, Signal 95}",new,Verify if physical examination is well performed at each visit,2026-01-11T17:37:06+00:00
ILMS-SIGNALS-238,"{0, Default}",site-102,ACT-19548,COL,2026-01-11T17:37:07+00:00,False,,Verify if the physician copy the previous measurements for the vital signs.,center,[site-102],6963dfc3153a502d070da059,site-102,,,,,,"{null, Site-wide, Critical Data, SIG-50412, Lorem Ipsum Dolor Sit Amet, [site-102], 6963dfc2153a502d070da058, None, open, Signal 96}",new,Verify if physical examination is well performed at each visit,2026-01-11T17:37:07+00:00
ILMS-SIGNALS-238,"{0, Default}",site-069,ACT-19549,GBR,2026-01-11T17:37:07+00:00,False,,Verify if the physician copy the previous measurements for the vital signs.,center,[site-069],6963dfc3153a502d070da05b,site-069,,,,,,"{null, Site-wide, Critical Data, SIG-50413, Lorem Ipsum Dolor Sit Amet, [site-069], 6963dfc3153a502d070da05a, None, open, Signal 97}",new,Verify if physical examination is well performed at each visit,2026-01-11T17:37:07+00:00
ILMS-SIGNALS-238,"{0, Default}",site-108,ACT-19550,KOR,2026-01-11T17:37:08+00:00,False,,Verify if the physician copy the previous measurements for the vital signs.,center,[site-108],6963dfc4153a502d070da05d,site-108,,,,,,"{null, Site-wide, Critical Data, SIG-50414, Lorem Ipsum Dolor Sit Amet, [site-108], 6963dfc3153a502d070da05c, None, open, Signal 98}",new,Verify if physical examination is well performed at each visit,2026-01-11T17:37:08+00:00
ILMS-SIGNALS-238,"{0, Default}",site-018,ACT-19551,CAN,2026-01-11T17:37:08+00:00,False,,Verify if the physician copy the previous measurements for the vital signs.,center,[site-018],6963dfc4153a502d070da05f,site-018,,,,,,"{null, Site-wide, Critical Data, SIG-50415, Lorem Ipsum Dolor Sit Amet, [site-018], 6963dfc4153a502d070da05e, None, open, Signal 99}",new,Verify if physical examination is well performed at each visit,2026-01-11T17:37:08+00:00
ILMS-SIGNALS-238,"{0, Default}",site-059,ACT-19552,CAN,2026-01-11T17:37:09+00:00,False,,Verify if the physician copy the previous measurements for the vital signs.,center,[site-059],6963dfc5153a502d070da061,site-059,,,,,,"{null, Site-wide, Critical Data, SIG-50416, Lorem Ipsum Dolor Sit Amet, [site-059], 6963dfc4153a502d070da060, None, open, Signal 100}",new,Verify if physical examination is well performed at each visit,2026-01-11T17:37:09+00:00
ILMS-SIGNALS-238,"{0, Default}",site-040,ACT-19553,TWN,2026-01-11T17:37:09+00:00,False,,Verify if the physician copy the previous measurements for the vital signs.,center,[site-040],6963dfc5153a502d070da063,site-040,,,,,,"{null, Site-wide, Critical Data, SIG-50417, Lorem Ipsum Dolor Sit Amet, [site-040], 6963dfc5153a502d070da062, None, open, Signal 101}",new,Verify if physical examination is well performed at each visit,2026-01-11T17:37:09+00:00
ILMS-SIGNALS-238,"{0, Default}",site-111,ACT-19554,JPN,2026-01-11T17:37:10+00:00,False,,Verify if the physician copy the previous measurements for the vital signs.,center,[site-111],6963dfc6153a502d070da065,site-111,,,,,,"{null, Site-wide, Critical Data, SIG-50418, Lorem Ipsum Dolor Sit Amet, [site-111], 6963dfc5153a502d070da064, None, open, Signal 102}",new,Verify if physical examination is well performed at each visit,2026-01-11T17:37:10+00:00
ILMS-SIGNALS-238,"{0, Default}",site-043,ACT-19555,COL,2026-01-11T17:37:10+00:00,False,,Verify if the physician copy the previous measurements for the vital signs.,center,[site-043],6963dfc6153a502d070da067,site-043,,,,,,"{null, Site-wide, Critical Data, SIG-50419, Lorem Ipsum Dolor Sit Amet, [site-043], 6963dfc6153a502d070da066, None, open, Signal 103}",new,Verify if physical examination is well performed at each visit,2026-01-11T17:37:10+00:00
ILMS-SIGNALS-238,"{0, Default}",site-006,ACT-19556,ARG,2026-01-11T17:37:11+00:00,False,,Verify if the physician copy the previous measurements for the vital signs.,center,[site-006],6963dfc7153a502d070da069,site-006,,,,,,"{null, Site-wide, Critical Data, SIG-50420, Lorem Ipsum Dolor Sit Amet, [site-006], 6963dfc6153a502d070da068, None, open, Signal 104}",new,Verify if physical examination is well performed at each visit,2026-01-11T17:37:11+00:00
ILMS-SIGNALS-238,"{0, Default}",site-022,ACT-19557,TWN,2026-01-11T17:37:11+00:00,False,,Verify if the physician copy the previous measurements for the vital signs.,center,[site-022],6963dfc7153a502d070da06b,site-022,,,,,,"{null, Site-wide, Critical Data, SIG-50421, Lorem Ipsum Dolor Sit Amet, [site-022], 6963dfc7153a502d070da06a, None, open, Signal 105}",new,Verify if physical examination is well performed at each visit,2026-01-11T17:37:11+00:00
ILMS-SIGNALS-238,"{0, Default}",site-026,ACT-19558,KOR,2026-01-11T17:37:12+00:00,False,,Verify if the physician copy the previous measurements for the vital signs.,center,[site-026],6963dfc8153a502d070da06d,site-026,,,,,,"{null, Site-wide, Critical Data, SIG-50422, Lorem Ipsum Dolor Sit Amet, [site-026], 6963dfc7153a502d070da06c, None, open, Signal 106}",new,Verify if physical examination is well performed at each visit,2026-01-11T17:37:12+00:00
ILMS-SIGNALS-238,"{0, Default}",site-106,ACT-19559,TWN,2026-01-11T17:37:12+00:00,False,,Verify if the physician copy the previous measurements for the vital signs.,center,[site-106],6963dfc8153a502d070da06f,site-106,,,,,,"{null, Site-wide, Critical Data, SIG-50423, Lorem Ipsum Dolor Sit Amet, [site-106], 6963dfc8153a502d070da06e, None, open, Signal 107}",new,Verify if physical examination is well performed at each visit,2026-01-11T17:37:12+00:00
ILMS-SIGNALS-238,"{0, Default}",site-134,ACT-19560,TWN,2026-01-11T17:37:13+00:00,False,,Verify if the physician copy the previous measurements for the vital signs.,center,[site-134],6963dfc9153a502d070da071,site-134,,,,,,"{null, Site-wide, Critical Data, SIG-50424, Lorem Ipsum Dolor Sit Amet, [site-134], 6963dfc8153a502d070da070, None, open, Signal 108}",new,Verify if physical examination is well performed at each visit,2026-01-11T17:37:13+00:00
ILMS-SIGNALS-238,"{0, Default}",site-073,ACT-19561,COL,2026-01-11T17:37:13+00:00,False,,Verify if the physician copy the previous measurements for the vital signs.,center,[site-073],6963dfc9153a502d070da073,site-073,,,,,,"{null, Site-wide, Critical Data, SIG-50425, Lorem Ipsum Dolor Sit Amet, [site-073], 6963dfc9153a502d070da072, None, open, Signal 109}",new,Verify if physical examination is well performed at each visit,2026-01-11T17:37:13+00:00
ILMS-SIGNALS-238,"{0, Default}",site-036,ACT-19562,COL,2026-01-11T17:37:14+00:00,False,,Verify if the physician copy the previous measurements for the vital signs.,center,[site-036],6963dfca153a502d070da075,site-036,,,,,,"{null, Site-wide, Critical Data, SIG-50426, Lorem Ipsum Dolor Sit Amet, [site-036], 6963dfc9153a502d070da074, None, open, Signal 110}",new,Verify if physical examination is well performed at each visit,2026-01-11T17:37:14+00:00
ILMS-SIGNALS-238,"{0, Default}",site-004,ACT-19563,CAN,2026-01-11T17:37:14+00:00,False,,Verify if the physician copy the previous measurements for the vital signs.,center,[site-004],6963dfca153a502d070da077,site-004,,,,,,"{null, Site-wide, Critical Data, SIG-50427, Lorem Ipsum Dolor Sit Amet, [site-004], 6963dfca153a502d070da076, None, open, Signal 111}",new,Verify if physical examination is well performed at each visit,2026-01-11T17:37:14+00:00
ILMS-SIGNALS-238,"{0, Default}",site-133,ACT-19564,COL,2026-01-11T17:37:15+00:00,False,,Verify if the physician copy the previous measurements for the vital signs.,center,[site-133],6963dfcb153a502d070da079,site-133,,,,,,"{null, Site-wide, Critical Data, SIG-50428, Lorem Ipsum Dolor Sit Amet, [site-133], 6963dfcb153a502d070da078, None, open, Signal 112}",new,Verify if physical examination is well performed at each visit,2026-01-11T17:37:15+00:00
ILMS-SIGNALS-238,"{0, Default}",site-137,ACT-19565,DEU,2026-01-11T17:37:15+00:00,False,,Verify if the physician copy the previous measurements for the vital signs.,center,[site-137],6963dfcb153a502d070da07b,site-137,,,,,,"{null, Site-wide, Critical Data, SIG-50429, Lorem Ipsum Dolor Sit Amet, [site-137], 6963dfcb153a502d070da07a, None, open, Signal 113}",new,Verify if physical examination is well performed at each visit,2026-01-11T17:37:15+00:00
ILMS-SIGNALS-238,"{0, Default}",site-087,ACT-19566,CAN,2026-01-11T17:37:16+00:00,False,,Verify if the physician copy the previous measurements for the vital signs.,center,[site-087],6963dfcc153a502d070da07d,site-087,,,,,,"{null, Site-wide, Critical Data, SIG-50430, Lorem Ipsum Dolor Sit Amet, [site-087], 6963dfcc153a502d070da07c, None, open, Signal 114}",new,Verify if physical examination is well performed at each visit,2026-01-11T17:37:16+00:00
ILMS-SIGNALS-238,"{0, Default}",site-136,ACT-19567,KOR,2026-01-11T17:37:17+00:00,False,,Verify if the physician copy the previous measurements for the vital signs.,center,[site-136],6963dfcd153a502d070da07f,site-136,,,,,,"{null, Site-wide, Critical Data, SIG-50431, Lorem Ipsum Dolor Sit Amet, [site-136], 6963dfcc153a502d070da07e, None, open, Signal 115}",new,Verify if physical examination is well performed at each visit,2026-01-11T17:37:17+00:00
ILMS-SIGNALS-238,"{0, Default}",site-026,ACT-19568,KOR,2026-01-11T17:37:17+00:00,False,,Verify if the physician copy the previous measurements for the vital signs.,center,[site-026],6963dfcd153a502d070da081,site-026,,,,,,"{null, Site-wide, Critical Data, SIG-50432, Lorem Ipsum Dolor Sit Amet, [site-026], 6963dfcd153a502d070da080, None, open, Signal 116}",new,Verify if physical examination is well performed at each visit,2026-01-11T17:37:17+00:00
ILMS-SIGNALS-238,"{0, Default}",site-054,ACT-19569,JPN,2026-01-11T17:37:18+00:00,False,,Verify if the physician copy the previous measurements for the vital signs.,center,[site-054],6963dfce153a502d070da083,site-054,,,,,,"{null, Site-wide, Critical Data, SIG-50433, Lorem Ipsum Dolor Sit Amet, [site-054], 6963dfcd153a502d070da082, None, open, Signal 117}",new,Verify if physical examination is well performed at each visit,2026-01-11T17:37:18+00:00
ILMS-SIGNALS-238,"{0, Default}",site-070,ACT-19570,RUS,2026-01-11T17:37:18+00:00,False,,Verify if the physician copy the previous measurements for the vital signs.,center,[site-070],6963dfce153a502d070da085,site-070,,,,,,"{null, Site-wide, Critical Data, SIG-50434, Lorem Ipsum Dolor Sit Amet, [site-070], 6963dfce153a502d070da084, None, open, Signal 118}",new,Verify if physical examination is well performed at each visit,2026-01-11T17:37:18+00:00
ILMS-SIGNALS-238,"{0, Default}",site-072,ACT-19571,GBR,2026-01-11T17:37:19+00:00,False,,Verify if the physician copy the previous measurements for the vital signs.,center,[site-072],6963dfcf153a502d070da087,site-072,,,,,,"{null, Site-wide, Critical Data, SIG-50435, Lorem Ipsum Dolor Sit Amet, [site-072], 6963dfce153a502d070da086, None, open, Signal 119}",new,Verify if physical examination is well performed at each visit,2026-01-11T17:37:19+00:00
ILMS-SIGNALS-238,"{0, Default}",site-059,ACT-19572,CAN,2026-01-11T17:37:19+00:00,False,,Verify if the physician copy the previous measurements for the vital signs.,center,[site-059],6963dfcf153a502d070da089,site-059,,,,,,"{null, Site-wide, Critical Data, SIG-50436, Lorem Ipsum Dolor Sit Amet, [site-059], 6963dfcf153a502d070da088, None, open, Signal 120}",new,Verify if physical examination is well performed at each visit,2026-01-11T17:37:19+00:00
ILMS-SIGNALS-238,"{0, Default}",site-042,ACT-19573,DEU,2026-01-11T17:37:20+00:00,False,,Verify if the physician copy the previous measurements for the vital signs.,center,[site-042],6963dfd0153a502d070da08b,site-042,,,,,,"{null, Site-wide, Critical Data, SIG-50437, Lorem Ipsum Dolor Sit Amet, [site-042], 6963dfcf153a502d070da08a, None, open, Signal 121}",new,Verify if physical examination is well performed at each visit,2026-01-11T17:37:20+00:00
ILMS-SIGNALS-238,"{0, Default}",site-120,ACT-19574,TWN,2026-01-11T17:37:20+00:00,False,,Verify if the physician copy the previous measurements for the vital signs.,center,[site-120],6963dfd0153a502d070da08d,site-120,,,,,,"{null, Site-wide, Critical Data, SIG-50438, Lorem Ipsum Dolor Sit Amet, [site-120], 6963dfd0153a502d070da08c, None, open, Signal 122}",new,Verify if physical examination is well performed at each visit,2026-01-11T17:37:20+00:00
ILMS-SIGNALS-238,"{0, Default}",site-058,ACT-19575,COL,2026-01-11T17:37:21+00:00,False,,Verify if the physician copy the previous measurements for the vital signs.,center,[site-058],6963dfd1153a502d070da08f,site-058,,,,,,"{null, Site-wide, Critical Data, SIG-50439, Lorem Ipsum Dolor Sit Amet, [site-058], 6963dfd0153a502d070da08e, None, open, Signal 123}",new,Verify if physical examination is well performed at each visit,2026-01-11T17:37:21+00:00
ILMS-SIGNALS-238,"{0, Default}",site-039,ACT-19576,COL,2026-01-11T17:37:21+00:00,False,,Verify if the physician copy the previous measurements for the vital signs.,center,[site-039],6963dfd1153a502d070da091,site-039,,,,,,"{null, Site-wide, Critical Data, SIG-50440, Lorem Ipsum Dolor Sit Amet, [site-039], 6963dfd1153a502d070da090, None, open, Signal 124}",new,Verify if physical examination is well performed at each visit,2026-01-11T17:37:21+00:00
ILMS-SIGNALS-238,"{0, Default}",site-004,ACT-19577,CAN,2026-01-11T17:37:22+00:00,False,,Verify if the physician copy the previous measurements for the vital signs.,center,[site-004],6963dfd2153a502d070da093,site-004,,,,,,"{null, Site-wide, Critical Data, SIG-50441, Lorem Ipsum Dolor Sit Amet, [site-004], 6963dfd1153a502d070da092, None, open, Signal 125}",new,Verify if physical examination is well performed at each visit,2026-01-11T17:37:22+00:00
ILMS-SIGNALS-238,"{0, Default}",site-118,ACT-19578,JPN,2026-01-11T17:37:22+00:00,False,,Verify if the physician copy the previous measurements for the vital signs.,center,[site-118],6963dfd2153a502d070da095,site-118,,,,,,"{null, Site-wide, Critical Data, SIG-50442, Lorem Ipsum Dolor Sit Amet, [site-118], 6963dfd2153a502d070da094, None, open, Signal 126}",new,Verify if physical examination is well performed at each visit,2026-01-11T17:37:22+00:00
ILMS-SIGNALS-238,"{0, Default}",site-029,ACT-19579,ESP,2026-01-11T17:37:23+00:00,False,,Verify if the physician copy the previous measurements for the vital signs.,center,[site-029],6963dfd3153a502d070da097,site-029,,,,,,"{null, Site-wide, Critical Data, SIG-50443, Lorem Ipsum Dolor Sit Amet, [site-029], 6963dfd3153a502d070da096, None, open, Signal 127}",new,Verify if physical examination is well performed at each visit,2026-01-11T17:37:23+00:00
ILMS-SIGNALS-238,"{0, Default}",site-010,ACT-19580,ESP,2026-01-11T17:37:24+00:00,False,,Verify if the physician copy the previous measurements for the vital signs.,center,[site-010],6963dfd4153a502d070da099,site-010,,,,,,"{null, Site-wide, Critical Data, SIG-50444, Lorem Ipsum Dolor Sit Amet, [site-010], 6963dfd3153a502d070da098, None, open, Signal 128}",new,Verify if physical examination is well performed at each visit,2026-01-11T17:37:24+00:00
ILMS-SIGNALS-238,"{0, Default}",site-057,ACT-19581,ITA,2026-01-11T17:37:24+00:00,False,,Verify if the physician copy the previous measurements for the vital signs.,center,[site-057],6963dfd4153a502d070da09b,site-057,,,,,,"{null, Site-wide, Critical Data, SIG-50445, Lorem Ipsum Dolor Sit Amet, [site-057], 6963dfd4153a502d070da09a, None, open, Signal 129}",new,Verify if physical examination is well performed at each visit,2026-01-11T17:37:24+00:00
ILMS-SIGNALS-238,"{0, Default}",site-109,ACT-19582,DEU,2026-01-11T17:37:25+00:00,False,,Verify if the physician copy the previous measurements for the vital signs.,center,[site-109],6963dfd5153a502d070da09d,site-109,,,,,,"{null, Site-wide, Critical Data, SIG-50446, Lorem Ipsum Dolor Sit Amet, [site-109], 6963dfd4153a502d070da09c, None, open, Signal 130}",new,Verify if physical examination is well performed at each visit,2026-01-11T17:37:25+00:00
ILMS-SIGNALS-238,"{0, Default}",site-133,ACT-19583,COL,2026-01-11T17:37:25+00:00,False,,Verify if the physician copy the previous measurements for the vital signs.,center,[site-133],6963dfd5153a502d070da09f,site-133,,,,,,"{null, Site-wide, Critical Data, SIG-50447, Lorem Ipsum Dolor Sit Amet, [site-133], 6963dfd5153a502d070da09e, None, open, Signal 131}",new,Verify if physical examination is well performed at each visit,2026-01-11T17:37:25+00:00
ILMS-SIGNALS-238,"{0, Default}",site-135,ACT-19584,UKR,2026-01-11T17:37:26+00:00,False,,Verify if the physician copy the previous measurements for the vital signs.,center,[site-135],6963dfd6153a502d070da0a1,site-135,,,,,,"{null, Site-wide, Critical Data, SIG-50448, Lorem Ipsum Dolor Sit Amet, [site-135], 6963dfd5153a502d070da0a0, None, open, Signal 132}",new,Verify if physical examination is well performed at each visit,2026-01-11T17:37:26+00:00
ILMS-SIGNALS-238,"{0, Default}",site-040,ACT-19585,TWN,2026-01-11T17:37:26+00:00,False,,Verify if the physician copy the previous measurements for the vital signs.,center,[site-040],6963dfd6153a502d070da0a3,site-040,,,,,,"{null, Site-wide, Critical Data, SIG-50449, Lorem Ipsum Dolor Sit Amet, [site-040], 6963dfd6153a502d070da0a2, None, open, Signal 133}",new,Verify if physical examination is well performed at each visit,2026-01-11T17:37:26+00:00
ILMS-SIGNALS-238,"{0, Default}",site-025,ACT-19586,FRA,2026-01-11T17:37:27+00:00,False,,Verify if the physician copy the previous measurements for the vital signs.,center,[site-025],6963dfd7153a502d070da0a5,site-025,,,,,,"{null, Site-wide, Critical Data, SIG-50450, Lorem Ipsum Dolor Sit Amet, [site-025], 6963dfd6153a502d070da0a4, None, open, Signal 134}",new,Verify if physical examination is well performed at each visit,2026-01-11T17:37:27+00:00
ILMS-SIGNALS-238,"{0, Default}",site-110,ACT-19587,AUS,2026-01-11T17:37:27+00:00,False,,Verify if the physician copy the previous measurements for the vital signs.,center,[site-110],6963dfd7153a502d070da0a7,site-110,,,,,,"{null, Site-wide, Critical Data, SIG-50451, Lorem Ipsum Dolor Sit Amet, [site-110], 6963dfd7153a502d070da0a6, None, open, Signal 135}",new,Verify if physical examination is well performed at each visit,2026-01-11T17:37:27+00:00
ILMS-SIGNALS-238,"{0, Default}",site-093,ACT-19588,TUR,2026-01-11T17:37:28+00:00,False,,Verify if the physician copy the previous measurements for the vital signs.,center,[site-093],6963dfd8153a502d070da0a9,site-093,,,,,,"{null, Site-wide, Critical Data, SIG-50452, Lorem Ipsum Dolor Sit Amet, [site-093], 6963dfd7153a502d070da0a8, None, open, Signal 136}",new,Verify if physical examination is well performed at each visit,2026-01-11T17:37:28+00:00
ILMS-SIGNALS-238,"{0, Default}",site-090,ACT-19589,JPN,2026-01-11T17:37:28+00:00,False,,Verify if the physician copy the previous measurements for the vital signs.,center,[site-090],6963dfd8153a502d070da0ab,site-090,,,,,,"{null, Site-wide, Critical Data, SIG-50453, Lorem Ipsum Dolor Sit Amet, [site-090], 6963dfd8153a502d070da0aa, None, open, Signal 137}",new,Verify if physical examination is well performed at each visit,2026-01-11T17:37:28+00:00
ILMS-SIGNALS-238,"{0, Default}",site-004,ACT-19590,CAN,2026-01-11T17:37:29+00:00,False,,Verify if the physician copy the previous measurements for the vital signs.,center,[site-004],6963dfd9153a502d070da0ad,site-004,,,,,,"{null, Site-wide, Critical Data, SIG-50454, Lorem Ipsum Dolor Sit Amet, [site-004], 6963dfd9153a502d070da0ac, None, open, Signal 138}",new,Verify if physical examination is well performed at each visit,2026-01-11T17:37:29+00:00
ILMS-SIGNALS-238,"{0, Default}",site-063,ACT-19591,DEU,2026-01-11T17:37:30+00:00,False,,Verify if the physician copy the previous measurements for the vital signs.,center,[site-063],6963dfda153a502d070da0af,site-063,,,,,,"{null, Site-wide, Critical Data, SIG-50455, Lorem Ipsum Dolor Sit Amet, [site-063], 6963dfd9153a502d070da0ae, None, open, Signal 139}",new,Verify if physical examination is well performed at each visit,2026-01-11T17:37:30+00:00
ILMS-SIGNALS-238,"{0, Default}",site-029,ACT-19592,ESP,2026-01-11T17:37:30+00:00,False,,Verify if the physician copy the previous measurements for the vital signs.,center,[site-029],6963dfda153a502d070da0b1,site-029,,,,,,"{null, Site-wide, Critical Data, SIG-50456, Lorem Ipsum Dolor Sit Amet, [site-029], 6963dfda153a502d070da0b0, None, open, Signal 140}",new,Verify if physical examination is well performed at each visit,2026-01-11T17:37:30+00:00
ILMS-SIGNALS-238,"{0, Default}",site-027,ACT-19593,USA,2026-01-11T17:37:31+00:00,False,,Verify if the physician copy the previous measurements for the vital signs.,center,[site-027],6963dfdb153a502d070da0b3,site-027,,,,,,"{null, Site-wide, Critical Data, SIG-50457, Lorem Ipsum Dolor Sit Amet, [site-027], 6963dfda153a502d070da0b2, None, open, Signal 141}",new,Verify if physical examination is well performed at each visit,2026-01-11T17:37:31+00:00
ILMS-SIGNALS-238,"{0, Default}",site-096,ACT-19594,ITA,2026-01-11T17:37:31+00:00,False,,Verify if the physician copy the previous measurements for the vital signs.,center,[site-096],6963dfdb153a502d070da0b5,site-096,,,,,,"{null, Site-wide, Critical Data, SIG-50458, Lorem Ipsum Dolor Sit Amet, [site-096], 6963dfdb153a502d070da0b4, None, open, Signal 142}",new,Verify if physical examination is well performed at each visit,2026-01-11T17:37:31+00:00
ILMS-SIGNALS-238,"{0, Default}",site-027,ACT-19595,USA,2026-01-11T17:37:32+00:00,False,,Verify if the physician copy the previous measurements for the vital signs.,center,[site-027],6963dfdc153a502d070da0b7,site-027,,,,,,"{null, Site-wide, Critical Data, SIG-50459, Lorem Ipsum Dolor Sit Amet, [site-027], 6963dfdb153a502d070da0b6, None, open, Signal 143}",new,Verify if physical examination is well performed at each visit,2026-01-11T17:37:32+00:00
ILMS-SIGNALS-238,"{0, Default}",site-016,ACT-19596,GBR,2026-01-11T17:37:32+00:00,False,,Verify if the physician copy the previous measurements for the vital signs.,center,[site-016],6963dfdc153a502d070da0b9,site-016,,,,,,"{null, Site-wide, Critical Data, SIG-50460, Lorem Ipsum Dolor Sit Amet, [site-016], 6963dfdc153a502d070da0b8, None, open, Signal 144}",new,Verify if physical examination is well performed at each visit,2026-01-11T17:37:32+00:00
ILMS-SIGNALS-238,"{0, Default}",site-086,ACT-19597,USA,2026-01-11T17:37:33+00:00,False,,Verify if the physician copy the previous measurements for the vital signs.,center,[site-086],6963dfdd153a502d070da0bb,site-086,,,,,,"{null, Site-wide, Critical Data, SIG-50461, Lorem Ipsum Dolor Sit Amet, [site-086], 6963dfdd153a502d070da0ba, None, open, Signal 145}",new,Verify if physical examination is well performed at each visit,2026-01-11T17:37:33+00:00
ILMS-SIGNALS-238,"{0, Default}",site-006,ACT-19598,ARG,2026-01-11T17:37:33+00:00,False,,Verify if the physician copy the previous measurements for the vital signs.,center,[site-006],6963dfdd153a502d070da0bd,site-006,,,,,,"{null, Site-wide, Critical Data, SIG-50462, Lorem Ipsum Dolor Sit Amet, [site-006], 6963dfdd153a502d070da0bc, None, open, Signal 146}",new,Verify if physical examination is well performed at each visit,2026-01-11T17:37:33+00:00
ILMS-SIGNALS-238,"{0, Default}",site-117,ACT-19599,GBR,2026-01-11T17:37:34+00:00,False,,Verify if the physician copy the previous measurements for the vital signs.,center,[site-117],6963dfde153a502d070da0bf,site-117,,,,,,"{null, Site-wide, Critical Data, SIG-50463, Lorem Ipsum Dolor Sit Amet, [site-117], 6963dfde153a502d070da0be, None, open, Signal 147}",new,Verify if physical examination is well performed at each visit,2026-01-11T17:37:34+00:00
ILMS-SIGNALS-238,"{0, Default}",site-080,ACT-19600,GBR,2026-01-11T17:37:34+00:00,False,,Verify if the physician copy the previous measurements for the vital signs.,center,[site-080],6963dfde153a502d070da0c1,site-080,,,,,,"{null, Site-wide, Critical Data, SIG-50464, Lorem Ipsum Dolor Sit Amet, [site-080], 6963dfde153a502d070da0c0, None, open, Signal 148}",new,Verify if physical examination is well performed at each visit,2026-01-11T17:37:34+00:00
ILMS-SIGNALS-238,"{0, Default}",site-082,ACT-19601,TUR,2026-01-11T17:37:35+00:00,False,,Verify if the physician copy the previous measurements for the vital signs.,center,[site-082],6963dfdf153a502d070da0c3,site-082,,,,,,"{null, Site-wide, Critical Data, SIG-50465, Lorem Ipsum Dolor Sit Amet, [site-082], 6963dfdf153a502d070da0c2, None, open, Signal 149}",new,Verify if physical examination is well performed at each visit,2026-01-11T17:37:35+00:00
ILMS-SIGNALS-238,"{0, Default}",site-122,ACT-19602,KOR,2026-01-11T17:37:36+00:00,False,,Verify if the physician copy the previous measurements for the vital signs.,center,[site-122],6963dfe0153a502d070da0c5,site-122,,,,,,"{null, Site-wide, Critical Data, SIG-50466, Lorem Ipsum Dolor Sit Amet, [site-122], 6963dfdf153a502d070da0c4, None, open, Signal 150}",new,Verify if physical examination is well performed at each visit,2026-01-11T17:37:36+00:00
ILMS-SIGNALS-238,"{0, Default}",site-018,ACT-19603,CAN,2026-01-11T17:37:36+00:00,False,,Verify if the physician copy the previous measurements for the vital signs.,center,[site-018],6963dfe0153a502d070da0c7,site-018,,,,,,"{null, Site-wide, Critical Data, SIG-50467, Lorem Ipsum Dolor Sit Amet, [site-018], 6963dfe0153a502d070da0c6, None, open, Signal 151}",new,Verify if physical examination is well performed at each visit,2026-01-11T17:37:36+00:00
ILMS-SIGNALS-238,"{0, Default}",site-020,ACT-19604,ESP,2026-01-11T17:37:37+00:00,False,,Verify if the physician copy the previous measurements for the vital signs.,center,[site-020],6963dfe1153a502d070da0c9,site-020,,,,,,"{null, Site-wide, Critical Data, SIG-50468, Lorem Ipsum Dolor Sit Amet, [site-020], 6963dfe0153a502d070da0c8, None, open, Signal 152}",new,Verify if physical examination is well performed at each visit,2026-01-11T17:37:37+00:00
ILMS-SIGNALS-238,"{0, Default}",site-039,ACT-19605,COL,2026-01-11T17:37:37+00:00,False,,Verify if the physician copy the previous measurements for the vital signs.,center,[site-039],6963dfe1153a502d070da0cb,site-039,,,,,,"{null, Site-wide, Critical Data, SIG-50469, Lorem Ipsum Dolor Sit Amet, [site-039], 6963dfe1153a502d070da0ca, None, open, Signal 153}",new,Verify if physical examination is well performed at each visit,2026-01-11T17:37:37+00:00
ILMS-SIGNALS-238,"{0, Default}",site-019,ACT-19606,ITA,2026-01-11T17:37:38+00:00,False,,Verify if the physician copy the previous measurements for the vital signs.,center,[site-019],6963dfe2153a502d070da0cd,site-019,,,,,,"{null, Site-wide, Critical Data, SIG-50470, Lorem Ipsum Dolor Sit Amet, [site-019], 6963dfe1153a502d070da0cc, None, open, Signal 154}",new,Verify if physical examination is well performed at each visit,2026-01-11T17:37:38+00:00
ILMS-SIGNALS-238,"{0, Default}",site-041,ACT-19607,COL,2026-01-11T17:37:38+00:00,False,,Verify if the physician copy the previous measurements for the vital signs.,center,[site-041],6963dfe2153a502d070da0cf,site-041,,,,,,"{null, Site-wide, Critical Data, SIG-50471, Lorem Ipsum Dolor Sit Amet, [site-041], 6963dfe2153a502d070da0ce, None, open, Signal 155}",new,Verify if physical examination is well performed at each visit,2026-01-11T17:37:38+00:00
ILMS-SIGNALS-238,"{0, Default}",site-043,ACT-19608,COL,2026-01-11T17:37:39+00:00,False,,Verify if the physician copy the previous measurements for the vital signs.,center,[site-043],6963dfe3153a502d070da0d1,site-043,,,,,,"{null, Site-wide, Critical Data, SIG-50472, Lorem Ipsum Dolor Sit Amet, [site-043], 6963dfe2153a502d070da0d0, None, open, Signal 156}",new,Verify if physical examination is well performed at each visit,2026-01-11T17:37:39+00:00
ILMS-SIGNALS-238,"{0, Default}",site-091,ACT-19609,AUS,2026-01-11T17:37:39+00:00,False,,Verify if the physician copy the previous measurements for the vital signs.,center,[site-091],6963dfe3153a502d070da0d3,site-091,,,,,,"{null, Site-wide, Critical Data, SIG-50473, Lorem Ipsum Dolor Sit Amet, [site-091], 6963dfe3153a502d070da0d2, None, open, Signal 157}",new,Verify if physical examination is well performed at each visit,2026-01-11T17:37:39+00:00
ILMS-SIGNALS-238,"{0, Default}",site-139,ACT-19610,JPN,2026-01-11T17:37:40+00:00,False,,Verify if the physician copy the previous measurements for the vital signs.,center,[site-139],6963dfe4153a502d070da0d5,site-139,,,,,,"{null, Site-wide, Critical Data, SIG-50474, Lorem Ipsum Dolor Sit Amet, [site-139], 6963dfe3153a502d070da0d4, None, open, Signal 158}",new,Verify if physical examination is well performed at each visit,2026-01-11T17:37:40+00:00
ILMS-SIGNALS-238,"{0, Default}",site-134,ACT-19611,TWN,2026-01-11T17:37:40+00:00,False,,Verify if the physician copy the previous measurements for the vital signs.,center,[site-134],6963dfe4153a502d070da0d7,site-134,,,,,,"{null, Site-wide, Critical Data, SIG-50475, Lorem Ipsum Dolor Sit Amet, [site-134], 6963dfe4153a502d070da0d6, None, open, Signal 159}",new,Verify if physical examination is well performed at each visit,2026-01-11T17:37:40+00:00
ILMS-SIGNALS-238,"{0, Default}",site-095,ACT-19612,POL,2026-01-11T17:37:41+00:00,False,,Verify if the physician copy the previous measurements for the vital signs.,center,[site-095],6963dfe5153a502d070da0d9,site-095,,,,,,"{null, Site-wide, Critical Data, SIG-50476, Lorem Ipsum Dolor Sit Amet, [site-095], 6963dfe4153a502d070da0d8, None, open, Signal 160}",new,Verify if physical examination is well performed at each visit,2026-01-11T17:37:41+00:00
ILMS-SIGNALS-238,"{0, Default}",site-085,ACT-19613,AUS,2026-01-11T17:37:41+00:00,False,,Verify if the physician copy the previous measurements for the vital signs.,center,[site-085],6963dfe5153a502d070da0db,site-085,,,,,,"{null, Site-wide, Critical Data, SIG-50477, Lorem Ipsum Dolor Sit Amet, [site-085], 6963dfe5153a502d070da0da, None, open, Signal 161}",new,Verify if physical examination is well performed at each visit,2026-01-11T17:37:41+00:00
ILMS-SIGNALS-238,"{0, Default}",site-051,ACT-19614,KOR,2026-01-11T17:37:42+00:00,False,,Verify if the physician copy the previous measurements for the vital signs.,center,[site-051],6963dfe6153a502d070da0dd,site-051,,,,,,"{null, Site-wide, Critical Data, SIG-50478, Lorem Ipsum Dolor Sit Amet, [site-051], 6963dfe5153a502d070da0dc, None, open, Signal 162}",new,Verify if physical examination is well performed at each visit,2026-01-11T17:37:42+00:00
ILMS-SIGNALS-238,"{0, Default}",site-056,ACT-19615,ESP,2026-01-11T17:37:42+00:00,False,,Verify if the physician copy the previous measurements for the vital signs.,center,[site-056],6963dfe6153a502d070da0df,site-056,,,,,,"{null, Site-wide, Critical Data, SIG-50479, Lorem Ipsum Dolor Sit Amet, [site-056], 6963dfe6153a502d070da0de, None, open, Signal 163}",new,Verify if physical examination is well performed at each visit,2026-01-11T17:37:42+00:00
ILMS-SIGNALS-238,"{0, Default}",site-058,ACT-19616,COL,2026-01-11T17:37:43+00:00,False,,Verify if the physician copy the previous measurements for the vital signs.,center,[site-058],6963dfe7153a502d070da0e1,site-058,,,,,,"{null, Site-wide, Critical Data, SIG-50480, Lorem Ipsum Dolor Sit Amet, [site-058], 6963dfe7153a502d070da0e0, None, open, Signal 164}",new,Verify if physical examination is well performed at each visit,2026-01-11T17:37:43+00:00
ILMS-SIGNALS-238,"{0, Default}",site-034,ACT-19617,JPN,2026-01-11T17:37:43+00:00,False,,Verify if the physician copy the previous measurements for the vital signs.,center,[site-034],6963dfe7153a502d070da0e3,site-034,,,,,,"{null, Site-wide, Critical Data, SIG-50481, Lorem Ipsum Dolor Sit Amet, [site-034], 6963dfe7153a502d070da0e2, None, open, Signal 165}",new,Verify if physical examination is well performed at each visit,2026-01-11T17:37:43+00:00
ILMS-SIGNALS-238,"{0, Default}",site-107,ACT-19618,UKR,2026-01-11T17:37:44+00:00,False,,Verify if the physician copy the previous measurements for the vital signs.,center,[site-107],6963dfe8153a502d070da0e5,site-107,,,,,,"{null, Site-wide, Critical Data, SIG-50482, Lorem Ipsum Dolor Sit Amet, [site-107], 6963dfe8153a502d070da0e4, None, open, Signal 166}",new,Verify if physical examination is well performed at each visit,2026-01-11T17:37:44+00:00
ILMS-SIGNALS-238,"{0, Default}",site-120,ACT-19619,TWN,2026-01-11T17:37:45+00:00,False,,Verify if the physician copy the previous measurements for the vital signs.,center,[site-120],6963dfe9153a502d070da0e7,site-120,,,,,,"{null, Site-wide, Critical Data, SIG-50483, Lorem Ipsum Dolor Sit Amet, [site-120], 6963dfe8153a502d070da0e6, None, open, Signal 167}",new,Verify if physical examination is well performed at each visit,2026-01-11T17:37:45+00:00
ILMS-SIGNALS-238,"{0, Default}",site-108,ACT-19620,KOR,2026-01-11T17:37:45+00:00,False,,Verify if the physician copy the previous measurements for the vital signs.,center,[site-108],6963dfe9153a502d070da0e9,site-108,,,,,,"{null, Site-wide, Critical Data, SIG-50484, Lorem Ipsum Dolor Sit Amet, [site-108], 6963dfe9153a502d070da0e8, None, open, Signal 168}",new,Verify if physical examination is well performed at each visit,2026-01-11T17:37:45+00:00
ILMS-SIGNALS-238,"{0, Default}",site-123,ACT-19621,DEU,2026-01-11T17:37:46+00:00,False,,Verify if the physician copy the previous measurements for the vital signs.,center,[site-123],6963dfea153a502d070da0eb,site-123,,,,,,"{null, Site-wide, Critical Data, SIG-50485, Lorem Ipsum Dolor Sit Amet, [site-123], 6963dfe9153a502d070da0ea, None, open, Signal 169}",new,Verify if physical examination is well performed at each visit,2026-01-11T17:37:46+00:00
ILMS-SIGNALS-238,"{0, Default}",site-026,ACT-19622,KOR,2026-01-11T17:37:46+00:00,False,,Verify if the physician copy the previous measurements for the vital signs.,center,[site-026],6963dfea153a502d070da0ed,site-026,,,,,,"{null, Site-wide, Critical Data, SIG-50486, Lorem Ipsum Dolor Sit Amet, [site-026], 6963dfea153a502d070da0ec, None, open, Signal 170}",new,Verify if physical examination is well performed at each visit,2026-01-11T17:37:46+00:00
ILMS-SIGNALS-238,"{0, Default}",site-013,ACT-19623,CAN,2026-01-11T17:37:47+00:00,False,,Verify if the physician copy the previous measurements for the vital signs.,center,[site-013],6963dfeb153a502d070da0ef,site-013,,,,,,"{null, Site-wide, Critical Data, SIG-50487, Lorem Ipsum Dolor Sit Amet, [site-013], 6963dfea153a502d070da0ee, None, open, Signal 171}",new,Verify if physical examination is well performed at each visit,2026-01-11T17:37:47+00:00
ILMS-SIGNALS-238,"{0, Default}",site-083,ACT-19624,AUS,2026-01-11T17:37:47+00:00,False,,Verify if the physician copy the previous measurements for the vital signs.,center,[site-083],6963dfeb153a502d070da0f1,site-083,,,,,,"{null, Site-wide, Critical Data, SIG-50488, Lorem Ipsum Dolor Sit Amet, [site-083], 6963dfeb153a502d070da0f0, None, open, Signal 172}",new,Verify if physical examination is well performed at each visit,2026-01-11T17:37:47+00:00
ILMS-SIGNALS-238,"{0, Default}",site-032,ACT-19625,KOR,2026-01-11T17:37:48+00:00,False,,Verify if the physician copy the previous measurements for the vital signs.,center,[site-032],6963dfec153a502d070da0f3,site-032,,,,,,"{null, Site-wide, Critical Data, SIG-50489, Lorem Ipsum Dolor Sit Amet, [site-032], 6963dfeb153a502d070da0f2, None, open, Signal 173}",new,Verify if physical examination is well performed at each visit,2026-01-11T17:37:48+00:00
ILMS-SIGNALS-238,"{0, Default}",site-072,ACT-19626,GBR,2026-01-11T17:37:48+00:00,False,,Verify if the physician copy the previous measurements for the vital signs.,center,[site-072],6963dfec153a502d070da0f5,site-072,,,,,,"{null, Site-wide, Critical Data, SIG-50490, Lorem Ipsum Dolor Sit Amet, [site-072], 6963dfec153a502d070da0f4, None, open, Signal 174}",new,Verify if physical examination is well performed at each visit,2026-01-11T17:37:48+00:00
ILMS-SIGNALS-238,"{0, Default}",site-045,ACT-19627,AUS,2026-01-11T17:37:49+00:00,False,,Verify if the physician copy the previous measurements for the vital signs.,center,[site-045],6963dfed153a502d070da0f7,site-045,,,,,,"{null, Site-wide, Critical Data, SIG-50491, Lorem Ipsum Dolor Sit Amet, [site-045], 6963dfed153a502d070da0f6, None, open, Signal 175}",new,Verify if physical examination is well performed at each visit,2026-01-11T17:37:49+00:00
ILMS-SIGNALS-238,"{0, Default}",site-026,ACT-19628,KOR,2026-01-11T17:37:50+00:00,False,,Verify if the physician copy the previous measurements for the vital signs.,center,[site-026],6963dfee153a502d070da0f9,site-026,,,,,,"{null, Site-wide, Critical Data, SIG-50492, Lorem Ipsum Dolor Sit Amet, [site-026], 6963dfed153a502d070da0f8, None, open, Signal 176}",new,Verify if physical examination is well performed at each visit,2026-01-11T17:37:50+00:00
ILMS-SIGNALS-238,"{0, Default}",site-090,ACT-19629,JPN,2026-01-11T17:37:50+00:00,False,,Verify if the physician copy the previous measurements for the vital signs.,center,[site-090],6963dfee153a502d070da0fb,site-090,,,,,,"{null, Site-wide, Critical Data, SIG-50493, Lorem Ipsum Dolor Sit Amet, [site-090], 6963dfee153a502d070da0fa, None, open, Signal 177}",new,Verify if physical examination is well performed at each visit,2026-01-11T17:37:50+00:00
ILMS-SIGNALS-238,"{0, Default}",site-065,ACT-19630,JPN,2026-01-11T17:37:51+00:00,False,,Verify if the physician copy the previous measurements for the vital signs.,center,[site-065],6963dfef153a502d070da0fd,site-065,,,,,,"{null, Site-wide, Critical Data, SIG-50494, Lorem Ipsum Dolor Sit Amet, [site-065], 6963dfee153a502d070da0fc, None, open, Signal 178}",new,Verify if physical examination is well performed at each visit,2026-01-11T17:37:51+00:00
ILMS-SIGNALS-238,"{0, Default}",site-064,ACT-19631,ARG,2026-01-11T17:37:51+00:00,False,,Verify if the physician copy the previous measurements for the vital signs.,center,[site-064],6963dfef153a502d070da0ff,site-064,,,,,,"{null, Site-wide, Critical Data, SIG-50495, Lorem Ipsum Dolor Sit Amet, [site-064], 6963dfef153a502d070da0fe, None, open, Signal 179}",new,Verify if physical examination is well performed at each visit,2026-01-11T17:37:51+00:00
ILMS-SIGNALS-238,"{0, Default}",site-018,ACT-19632,CAN,2026-01-11T17:37:52+00:00,False,,Verify if the physician copy the previous measurements for the vital signs.,center,[site-018],6963dff0153a502d070da101,site-018,,,,,,"{null, Site-wide, Critical Data, SIG-50496, Lorem Ipsum Dolor Sit Amet, [site-018], 6963dfef153a502d070da100, None, open, Signal 180}",new,Verify if physical examination is well performed at each visit,2026-01-11T17:37:52+00:00
ILMS-SIGNALS-238,"{0, Default}",site-051,ACT-19633,KOR,2026-01-11T17:37:52+00:00,False,,Verify if the physician copy the previous measurements for the vital signs.,center,[site-051],6963dff0153a502d070da103,site-051,,,,,,"{null, Site-wide, Critical Data, SIG-50497, Lorem Ipsum Dolor Sit Amet, [site-051], 6963dff0153a502d070da102, None, open, Signal 181}",new,Verify if physical examination is well performed at each visit,2026-01-11T17:37:52+00:00
ILMS-SIGNALS-238,"{0, Default}",site-052,ACT-19634,ESP,2026-01-11T17:37:53+00:00,False,,Verify if the physician copy the previous measurements for the vital signs.,center,[site-052],6963dff1153a502d070da105,site-052,,,,,,"{null, Site-wide, Critical Data, SIG-50498, Lorem Ipsum Dolor Sit Amet, [site-052], 6963dff0153a502d070da104, None, open, Signal 182}",new,Verify if physical examination is well performed at each visit,2026-01-11T17:37:53+00:00
ILMS-SIGNALS-238,"{0, Default}",site-122,ACT-19635,KOR,2026-01-11T17:37:53+00:00,False,,Verify if the physician copy the previous measurements for the vital signs.,center,[site-122],6963dff1153a502d070da107,site-122,,,,,,"{null, Site-wide, Critical Data, SIG-50499, Lorem Ipsum Dolor Sit Amet, [site-122], 6963dff1153a502d070da106, None, open, Signal 183}",new,Verify if physical examination is well performed at each visit,2026-01-11T17:37:53+00:00
ILMS-SIGNALS-238,"{0, Default}",site-123,ACT-19636,DEU,2026-01-11T17:37:54+00:00,False,,Verify if the physician copy the previous measurements for the vital signs.,center,[site-123],6963dff2153a502d070da109,site-123,,,,,,"{null, Site-wide, Critical Data, SIG-50500, Lorem Ipsum Dolor Sit Amet, [site-123], 6963dff1153a502d070da108, None, open, Signal 184}",new,Verify if physical examination is well performed at each visit,2026-01-11T17:37:54+00:00
ILMS-SIGNALS-238,"{0, Default}",site-059,ACT-19637,CAN,2026-01-11T17:37:54+00:00,False,,Verify if the physician copy the previous measurements for the vital signs.,center,[site-059],6963dff2153a502d070da10b,site-059,,,,,,"{null, Site-wide, Critical Data, SIG-50501, Lorem Ipsum Dolor Sit Amet, [site-059], 6963dff2153a502d070da10a, None, open, Signal 185}",new,Verify if physical examination is well performed at each visit,2026-01-11T17:37:54+00:00
ILMS-SIGNALS-238,"{0, Default}",site-081,ACT-19638,TWN,2026-01-11T17:37:55+00:00,False,,Verify if the physician copy the previous measurements for the vital signs.,center,[site-081],6963dff3153a502d070da10d,site-081,,,,,,"{null, Site-wide, Critical Data, SIG-50502, Lorem Ipsum Dolor Sit Amet, [site-081], 6963dff2153a502d070da10c, None, open, Signal 186}",new,Verify if physical examination is well performed at each visit,2026-01-11T17:37:55+00:00
ILMS-SIGNALS-238,"{0, Default}",site-088,ACT-19639,COL,2026-01-11T17:37:55+00:00,False,,Verify if the physician copy the previous measurements for the vital signs.,center,[site-088],6963dff3153a502d070da10f,site-088,,,,,,"{null, Site-wide, Critical Data, SIG-50503, Lorem Ipsum Dolor Sit Amet, [site-088], 6963dff3153a502d070da10e, None, open, Signal 187}",new,Verify if physical examination is well performed at each visit,2026-01-11T17:37:55+00:00
ILMS-SIGNALS-238,"{0, Default}",site-081,ACT-19640,TWN,2026-01-11T17:37:56+00:00,False,,Verify if the physician copy the previous measurements for the vital signs.,center,[site-081],6963dff4153a502d070da111,site-081,,,,,,"{null, Site-wide, Critical Data, SIG-50504, Lorem Ipsum Dolor Sit Amet, [site-081], 6963dff3153a502d070da110, None, open, Signal 188}",new,Verify if physical examination is well performed at each visit,2026-01-11T17:37:56+00:00
ILMS-SIGNALS-238,"{0, Default}",site-010,ACT-19641,ESP,2026-01-11T17:37:56+00:00,False,,Verify if the physician copy the previous measurements for the vital signs.,center,[site-010],6963dff4153a502d070da113,site-010,,,,,,"{null, Site-wide, Critical Data, SIG-50505, Lorem Ipsum Dolor Sit Amet, [site-010], 6963dff4153a502d070da112, None, open, Signal 189}",new,Verify if physical examination is well performed at each visit,2026-01-11T17:37:56+00:00
ILMS-SIGNALS-238,"{0, Default}",site-085,ACT-19642,AUS,2026-01-11T17:37:57+00:00,False,,Verify if the physician copy the previous measurements for the vital signs.,center,[site-085],6963dff5153a502d070da115,site-085,,,,,,"{null, Site-wide, Critical Data, SIG-50506, Lorem Ipsum Dolor Sit Amet, [site-085], 6963dff5153a502d070da114, None, open, Signal 190}",new,Verify if physical examination is well performed at each visit,2026-01-11T17:37:57+00:00
ILMS-SIGNALS-238,"{0, Default}",site-087,ACT-19643,CAN,2026-01-11T17:37:57+00:00,False,,Verify if the physician copy the previous measurements for the vital signs.,center,[site-087],6963dff5153a502d070da117,site-087,,,,,,"{null, Site-wide, Critical Data, SIG-50507, Lorem Ipsum Dolor Sit Amet, [site-087], 6963dff5153a502d070da116, None, open, Signal 191}",new,Verify if physical examination is well performed at each visit,2026-01-11T17:37:57+00:00
ILMS-SIGNALS-238,"{0, Default}",site-136,ACT-19644,KOR,2026-01-11T17:37:58+00:00,False,,Verify if the physician copy the previous measurements for the vital signs.,center,[site-136],6963dff6153a502d070da119,site-136,,,,,,"{null, Site-wide, Critical Data, SIG-50508, Lorem Ipsum Dolor Sit Amet, [site-136], 6963dff6153a502d070da118, None, open, Signal 192}",new,Verify if physical examination is well performed at each visit,2026-01-11T17:37:58+00:00
ILMS-SIGNALS-238,"{0, Default}",site-070,ACT-19645,RUS,2026-01-11T17:37:58+00:00,False,,Verify if the physician copy the previous measurements for the vital signs.,center,[site-070],6963dff6153a502d070da11b,site-070,,,,,,"{null, Site-wide, Critical Data, SIG-50509, Lorem Ipsum Dolor Sit Amet, [site-070], 6963dff6153a502d070da11a, None, open, Signal 193}",new,Verify if physical examination is well performed at each visit,2026-01-11T17:37:58+00:00
ILMS-SIGNALS-238,"{0, Default}",site-140,ACT-19646,ITA,2026-01-11T17:37:59+00:00,False,,Verify if the physician copy the previous measurements for the vital signs.,center,[site-140],6963dff7153a502d070da11d,site-140,,,,,,"{null, Site-wide, Critical Data, SIG-50510, Lorem Ipsum Dolor Sit Amet, [site-140], 6963dff7153a502d070da11c, None, open, Signal 194}",new,Verify if physical examination is well performed at each visit,2026-01-11T17:37:59+00:00
ILMS-SIGNALS-238,"{0, Default}",site-131,ACT-19647,GBR,2026-01-11T17:38:00+00:00,False,,Verify if the physician copy the previous measurements for the vital signs.,center,[site-131],6963dff8153a502d070da11f,site-131,,,,,,"{null, Site-wide, Critical Data, SIG-50511, Lorem Ipsum Dolor Sit Amet, [site-131], 6963dff7153a502d070da11e, None, open, Signal 195}",new,Verify if physical examination is well performed at each visit,2026-01-11T17:38:00+00:00
ILMS-SIGNALS-238,"{0, Default}",site-142,ACT-19648,JPN,2026-01-11T17:38:00+00:00,False,,Verify if the physician copy the previous measurements for the vital signs.,center,[site-142],6963dff8153a502d070da121,site-142,,,,,,"{null, Site-wide, Critical Data, SIG-50512, Lorem Ipsum Dolor Sit Amet, [site-142], 6963dff8153a502d070da120, None, open, Signal 196}",new,Verify if physical examination is well performed at each visit,2026-01-11T17:38:00+00:00
ILMS-SIGNALS-238,"{0, Default}",site-117,ACT-19649,GBR,2026-01-11T17:38:01+00:00,False,,Verify if the physician copy the previous measurements for the vital signs.,center,[site-117],6963dff9153a502d070da123,site-117,,,,,,"{null, Site-wide, Critical Data, SIG-50513, Lorem Ipsum Dolor Sit Amet, [site-117], 6963dff8153a502d070da122, None, open, Signal 197}",new,Verify if physical examination is well performed at each visit,2026-01-11T17:38:01+00:00
ILMS-SIGNALS-238,"{0, Default}",site-074,ACT-19650,TUR,2026-01-11T17:38:01+00:00,False,,Verify if the physician copy the previous measurements for the vital signs.,center,[site-074],6963dff9153a502d070da125,site-074,,,,,,"{null, Site-wide, Critical Data, SIG-50514, Lorem Ipsum Dolor Sit Amet, [site-074], 6963dff9153a502d070da124, None, open, Signal 198}",new,Verify if physical examination is well performed at each visit,2026-01-11T17:38:01+00:00
ILMS-SIGNALS-238,"{0, Default}",site-039,ACT-19651,COL,2026-01-11T17:38:02+00:00,False,,Verify if the physician copy the previous measurements for the vital signs.,center,[site-039],6963dffa153a502d070da127,site-039,,,,,,"{null, Site-wide, Critical Data, SIG-50515, Lorem Ipsum Dolor Sit Amet, [site-039], 6963dff9153a502d070da126, None, open, Signal 199}",new,Verify if physical examination is well performed at each visit,2026-01-11T17:38:02+00:00
ILMS-SIGNALS-238,"{0, Default}",site-129,ACT-19652,TWN,2026-01-11T17:38:03+00:00,False,,Verify if the physician copy the previous measurements for the vital signs.,center,[site-129],6963dffb153a502d070da129,site-129,,,,,,"{null, Site-wide, Critical Data, SIG-50516, Lorem Ipsum Dolor Sit Amet, [site-129], 6963dffa153a502d070da128, None, open, Signal 200}",new,Verify if physical examination is well performed at each visit,2026-01-11T17:38:03+00:00
ILMS-SIGNALS-238,"{0, Default}",site-099,ACT-19653,TWN,2026-01-11T17:38:03+00:00,False,,Verify if the physician copy the previous measurements for the vital signs.,center,[site-099],6963dffb153a502d070da12b,site-099,,,,,,"{null, Site-wide, Critical Data, SIG-50517, Lorem Ipsum Dolor Sit Amet, [site-099], 6963dffb153a502d070da12a, None, open, Signal 201}",new,Verify if physical examination is well performed at each visit,2026-01-11T17:38:03+00:00
ILMS-SIGNALS-238,"{0, Default}",site-063,ACT-19654,DEU,2026-01-11T17:38:04+00:00,False,,Verify if the physician copy the previous measurements for the vital signs.,center,[site-063],6963dffc153a502d070da12d,site-063,,,,,,"{null, Site-wide, Critical Data, SIG-50518, Lorem Ipsum Dolor Sit Amet, [site-063], 6963dffb153a502d070da12c, None, open, Signal 202}",new,Verify if physical examination is well performed at each visit,2026-01-11T17:38:04+00:00
ILMS-SIGNALS-238,"{0, Default}",site-115,ACT-19655,TWN,2026-01-11T17:38:04+00:00,False,,Verify if the physician copy the previous measurements for the vital signs.,center,[site-115],6963dffc153a502d070da12f,site-115,,,,,,"{null, Site-wide, Critical Data, SIG-50519, Lorem Ipsum Dolor Sit Amet, [site-115], 6963dffc153a502d070da12e, None, open, Signal 203}",new,Verify if physical examination is well performed at each visit,2026-01-11T17:38:04+00:00
ILMS-SIGNALS-238,"{0, Default}",site-004,ACT-19656,CAN,2026-01-11T17:38:05+00:00,False,,Verify if the physician copy the previous measurements for the vital signs.,center,[site-004],6963dffd153a502d070da131,site-004,,,,,,"{null, Site-wide, Critical Data, SIG-50520, Lorem Ipsum Dolor Sit Amet, [site-004], 6963dffd153a502d070da130, None, open, Signal 204}",new,Verify if physical examination is well performed at each visit,2026-01-11T17:38:05+00:00
ILMS-SIGNALS-238,"{0, Default}",site-059,ACT-19657,CAN,2026-01-11T17:38:06+00:00,False,,Verify if the physician copy the previous measurements for the vital signs.,center,[site-059],6963dffe153a502d070da133,site-059,,,,,,"{null, Site-wide, Critical Data, SIG-50521, Lorem Ipsum Dolor Sit Amet, [site-059], 6963dffd153a502d070da132, None, open, Signal 205}",new,Verify if physical examination is well performed at each visit,2026-01-11T17:38:06+00:00
ILMS-SIGNALS-238,"{0, Default}",site-024,ACT-19658,GBR,2026-01-11T17:38:06+00:00,False,,Verify if the physician copy the previous measurements for the vital signs.,center,[site-024],6963dffe153a502d070da135,site-024,,,,,,"{null, Site-wide, Critical Data, SIG-50522, Lorem Ipsum Dolor Sit Amet, [site-024], 6963dffe153a502d070da134, None, open, Signal 206}",new,Verify if physical examination is well performed at each visit,2026-01-11T17:38:06+00:00
ILMS-SIGNALS-238,"{0, Default}",site-025,ACT-19659,FRA,2026-01-11T17:38:07+00:00,False,,Verify if the physician copy the previous measurements for the vital signs.,center,[site-025],6963dfff153a502d070da137,site-025,,,,,,"{null, Site-wide, Critical Data, SIG-50523, Lorem Ipsum Dolor Sit Amet, [site-025], 6963dffe153a502d070da136, None, open, Signal 207}",new,Verify if physical examination is well performed at each visit,2026-01-11T17:38:07+00:00
ILMS-SIGNALS-238,"{0, Default}",site-094,ACT-19660,TWN,2026-01-11T17:38:07+00:00,False,,Verify if the physician copy the previous measurements for the vital signs.,center,[site-094],6963dfff153a502d070da139,site-094,,,,,,"{null, Site-wide, Critical Data, SIG-50524, Lorem Ipsum Dolor Sit Amet, [site-094], 6963dfff153a502d070da138, None, open, Signal 208}",new,Verify if physical examination is well performed at each visit,2026-01-11T17:38:07+00:00
ILMS-SIGNALS-238,"{0, Default}",site-029,ACT-19661,ESP,2026-01-11T17:38:08+00:00,False,,Verify if the physician copy the previous measurements for the vital signs.,center,[site-029],6963e000153a502d070da13b,site-029,,,,,,"{null, Site-wide, Critical Data, SIG-50525, Lorem Ipsum Dolor Sit Amet, [site-029], 6963dfff153a502d070da13a, None, open, Signal 209}",new,Verify if physical examination is well performed at each visit,2026-01-11T17:38:08+00:00
ILMS-SIGNALS-238,"{0, Default}",site-008,ACT-19662,CHL,2026-01-11T17:38:08+00:00,False,,Verify if the physician copy the previous measurements for the vital signs.,center,[site-008],6963e000153a502d070da13d,site-008,,,,,,"{null, Site-wide, Critical Data, SIG-50526, Lorem Ipsum Dolor Sit Amet, [site-008], 6963e000153a502d070da13c, None, open, Signal 210}",new,Verify if physical examination is well performed at each visit,2026-01-11T17:38:08+00:00
ILMS-SIGNALS-238,"{0, Default}",site-045,ACT-19663,AUS,2026-01-11T17:38:09+00:00,False,,Verify if the physician copy the previous measurements for the vital signs.,center,[site-045],6963e001153a502d070da13f,site-045,,,,,,"{null, Site-wide, Critical Data, SIG-50527, Lorem Ipsum Dolor Sit Amet, [site-045], 6963e000153a502d070da13e, None, open, Signal 211}",new,Verify if physical examination is well performed at each visit,2026-01-11T17:38:09+00:00
ILMS-SIGNALS-238,"{0, Default}",site-103,ACT-19664,GBR,2026-01-11T17:38:09+00:00,False,,Verify if the physician copy the previous measurements for the vital signs.,center,[site-103],6963e001153a502d070da141,site-103,,,,,,"{null, Site-wide, Critical Data, SIG-50528, Lorem Ipsum Dolor Sit Amet, [site-103], 6963e001153a502d070da140, None, open, Signal 212}",new,Verify if physical examination is well performed at each visit,2026-01-11T17:38:09+00:00
ILMS-SIGNALS-238,"{0, Default}",site-058,ACT-19665,COL,2026-01-11T17:38:10+00:00,False,,Verify if the physician copy the previous measurements for the vital signs.,center,[site-058],6963e002153a502d070da143,site-058,,,,,,"{null, Site-wide, Critical Data, SIG-50529, Lorem Ipsum Dolor Sit Amet, [site-058], 6963e001153a502d070da142, None, open, Signal 213}",new,Verify if physical examination is well performed at each visit,2026-01-11T17:38:10+00:00
ILMS-SIGNALS-238,"{0, Default}",site-110,ACT-19666,AUS,2026-01-11T17:38:11+00:00,False,,Verify if the physician copy the previous measurements for the vital signs.,center,[site-110],6963e003153a502d070da145,site-110,,,,,,"{null, Site-wide, Critical Data, SIG-50530, Lorem Ipsum Dolor Sit Amet, [site-110], 6963e002153a502d070da144, None, open, Signal 214}",new,Verify if physical examination is well performed at each visit,2026-01-11T17:38:11+00:00
ILMS-SIGNALS-238,"{0, Default}",site-012,ACT-19667,JPN,2026-01-11T17:38:11+00:00,False,,Verify if the physician copy the previous measurements for the vital signs.,center,[site-012],6963e003153a502d070da147,site-012,,,,,,"{null, Site-wide, Critical Data, SIG-50531, Lorem Ipsum Dolor Sit Amet, [site-012], 6963e003153a502d070da146, None, open, Signal 215}",new,Verify if physical examination is well performed at each visit,2026-01-11T17:38:11+00:00
ILMS-SIGNALS-238,"{0, Default}",site-034,ACT-19668,JPN,2026-01-11T17:38:16+00:00,False,,Verify if the physician copy the previous measurements for the vital signs.,center,[site-034],6963e008153a502d070da149,site-034,,,,,,"{null, Site-wide, Critical Data, SIG-50532, Lorem Ipsum Dolor Sit Amet, [site-034], 6963e004153a502d070da148, None, open, Signal 216}",new,Verify if physical examination is well performed at each visit,2026-01-11T17:38:16+00:00
ILMS-SIGNALS-238,"{0, Default}",site-052,ACT-19669,ESP,2026-01-11T17:38:21+00:00,False,,Verify if the physician copy the previous measurements for the vital signs.,center,[site-052],6963e00d153a502d070da14b,site-052,,,,,,"{null, Site-wide, Critical Data, SIG-50533, Lorem Ipsum Dolor Sit Amet, [site-052], 6963e009153a502d070da14a, None, open, Signal 217}",new,Verify if physical examination is well performed at each visit,2026-01-11T17:38:21+00:00
ILMS-SIGNALS-238,"{0, Default}",site-098,ACT-19670,COL,2026-01-11T17:38:22+00:00,False,,Verify if the physician copy the previous measurements for the vital signs.,center,[site-098],6963e00e153a502d070da14d,site-098,,,,,,"{null, Site-wide, Critical Data, SIG-50534, Lorem Ipsum Dolor Sit Amet, [site-098], 6963e00d153a502d070da14c, None, open, Signal 218}",new,Verify if physical examination is well performed at each visit,2026-01-11T17:38:22+00:00
ILMS-SIGNALS-238,"{0, Default}",site-084,ACT-19671,ARG,2026-01-11T17:38:22+00:00,False,,Verify if the physician copy the previous measurements for the vital signs.,center,[site-084],6963e00e153a502d070da14f,site-084,,,,,,"{null, Site-wide, Critical Data, SIG-50535, Lorem Ipsum Dolor Sit Amet, [site-084], 6963e00e153a502d070da14e, None, open, Signal 219}",new,Verify if physical examination is well performed at each visit,2026-01-11T17:38:22+00:00
ILMS-SIGNALS-238,"{0, Default}",site-070,ACT-19672,RUS,2026-01-11T17:38:23+00:00,False,,Verify if the physician copy the previous measurements for the vital signs.,center,[site-070],6963e00f153a502d070da151,site-070,,,,,,"{null, Site-wide, Critical Data, SIG-50536, Lorem Ipsum Dolor Sit Amet, [site-070], 6963e00f153a502d070da150, None, open, Signal 220}",new,Verify if physical examination is well performed at each visit,2026-01-11T17:38:23+00:00
ILMS-SIGNALS-238,"{0, Default}",site-010,ACT-19673,ESP,2026-01-11T17:38:24+00:00,False,,Verify if the physician copy the previous measurements for the vital signs.,center,[site-010],6963e010153a502d070da153,site-010,,,,,,"{null, Site-wide, Critical Data, SIG-50537, Lorem Ipsum Dolor Sit Amet, [site-010], 6963e00f153a502d070da152, None, open, Signal 221}",new,Verify if physical examination is well performed at each visit,2026-01-11T17:38:24+00:00
ILMS-SIGNALS-238,"{0, Default}",site-104,ACT-19674,JPN,2026-01-11T17:38:25+00:00,False,,Verify if the physician copy the previous measurements for the vital signs.,center,[site-104],6963e011153a502d070da155,site-104,,,,,,"{null, Site-wide, Critical Data, SIG-50538, Lorem Ipsum Dolor Sit Amet, [site-104], 6963e010153a502d070da154, None, open, Signal 222}",new,Verify if physical examination is well performed at each visit,2026-01-11T17:38:25+00:00
ILMS-SIGNALS-238,"{0, Default}",site-011,ACT-19675,GBR,2026-01-11T17:38:25+00:00,False,,Verify if the physician copy the previous measurements for the vital signs.,center,[site-011],6963e011153a502d070da157,site-011,,,,,,"{null, Site-wide, Critical Data, SIG-50539, Lorem Ipsum Dolor Sit Amet, [site-011], 6963e011153a502d070da156, None, open, Signal 223}",new,Verify if physical examination is well performed at each visit,2026-01-11T17:38:25+00:00
ILMS-SIGNALS-238,"{0, Default}",site-061,ACT-19676,RUS,2026-01-11T17:38:26+00:00,False,,Verify if the physician copy the previous measurements for the vital signs.,center,[site-061],6963e012153a502d070da159,site-061,,,,,,"{null, Site-wide, Critical Data, SIG-50540, Lorem Ipsum Dolor Sit Amet, [site-061], 6963e011153a502d070da158, None, open, Signal 224}",new,Verify if physical examination is well performed at each visit,2026-01-11T17:38:26+00:00
ILMS-SIGNALS-238,"{0, Default}",site-094,ACT-19677,TWN,2026-01-11T17:38:27+00:00,False,,Verify if the physician copy the previous measurements for the vital signs.,center,[site-094],6963e013153a502d070da15b,site-094,,,,,,"{null, Site-wide, Critical Data, SIG-50541, Lorem Ipsum Dolor Sit Amet, [site-094], 6963e012153a502d070da15a, None, open, Signal 225}",new,Verify if physical examination is well performed at each visit,2026-01-11T17:38:27+00:00
ILMS-SIGNALS-238,"{0, Default}",site-026,ACT-19678,KOR,2026-01-11T17:38:28+00:00,False,,Verify if the physician copy the previous measurements for the vital signs.,center,[site-026],6963e014153a502d070da15d,site-026,,,,,,"{null, Site-wide, Critical Data, SIG-50542, Lorem Ipsum Dolor Sit Amet, [site-026], 6963e013153a502d070da15c, None, open, Signal 226}",new,Verify if physical examination is well performed at each visit,2026-01-11T17:38:28+00:00
ILMS-SIGNALS-238,"{0, Default}",site-054,ACT-19679,JPN,2026-01-11T17:38:28+00:00,False,,Verify if the physician copy the previous measurements for the vital signs.,center,[site-054],6963e014153a502d070da15f,site-054,,,,,,"{null, Site-wide, Critical Data, SIG-50543, Lorem Ipsum Dolor Sit Amet, [site-054], 6963e014153a502d070da15e, None, open, Signal 227}",new,Verify if physical examination is well performed at each visit,2026-01-11T17:38:28+00:00
ILMS-SIGNALS-238,"{0, Default}",site-095,ACT-19680,POL,2026-01-11T17:38:29+00:00,False,,Verify if the physician copy the previous measurements for the vital signs.,center,[site-095],6963e015153a502d070da161,site-095,,,,,,"{null, Site-wide, Critical Data, SIG-50544, Lorem Ipsum Dolor Sit Amet, [site-095], 6963e014153a502d070da160, None, open, Signal 228}",new,Verify if physical examination is well performed at each visit,2026-01-11T17:38:29+00:00
ILMS-SIGNALS-238,"{0, Default}",site-120,ACT-19681,TWN,2026-01-11T17:38:30+00:00,False,,Verify if the physician copy the previous measurements for the vital signs.,center,[site-120],6963e016153a502d070da163,site-120,,,,,,"{null, Site-wide, Critical Data, SIG-50545, Lorem Ipsum Dolor Sit Amet, [site-120], 6963e015153a502d070da162, None, open, Signal 229}",new,Verify if physical examination is well performed at each visit,2026-01-11T17:38:30+00:00
ILMS-SIGNALS-238,"{0, Default}",site-102,ACT-19682,COL,2026-01-11T17:38:30+00:00,False,,Verify if the physician copy the previous measurements for the vital signs.,center,[site-102],6963e016153a502d070da165,site-102,,,,,,"{null, Site-wide, Critical Data, SIG-50546, Lorem Ipsum Dolor Sit Amet, [site-102], 6963e016153a502d070da164, None, open, Signal 230}",new,Verify if physical examination is well performed at each visit,2026-01-11T17:38:30+00:00
ILMS-SIGNALS-238,"{0, Default}",site-112,ACT-19683,ITA,2026-01-11T17:38:31+00:00,False,,Verify if the physician copy the previous measurements for the vital signs.,center,[site-112],6963e017153a502d070da167,site-112,,,,,,"{null, Site-wide, Critical Data, SIG-50547, Lorem Ipsum Dolor Sit Amet, [site-112], 6963e016153a502d070da166, None, open, Signal 231}",new,Verify if physical examination is well performed at each visit,2026-01-11T17:38:31+00:00
ILMS-SIGNALS-238,"{0, Default}",site-016,ACT-19684,GBR,2026-01-11T17:38:31+00:00,False,,Verify if the physician copy the previous measurements for the vital signs.,center,[site-016],6963e017153a502d070da169,site-016,,,,,,"{null, Site-wide, Critical Data, SIG-50548, Lorem Ipsum Dolor Sit Amet, [site-016], 6963e017153a502d070da168, None, open, Signal 232}",new,Verify if physical examination is well performed at each visit,2026-01-11T17:38:31+00:00
ILMS-SIGNALS-238,"{0, Default}",site-124,ACT-19685,AUS,2026-01-11T17:38:32+00:00,False,,Verify if the physician copy the previous measurements for the vital signs.,center,[site-124],6963e018153a502d070da16b,site-124,,,,,,"{null, Site-wide, Critical Data, SIG-50549, Lorem Ipsum Dolor Sit Amet, [site-124], 6963e017153a502d070da16a, None, open, Signal 233}",new,Verify if physical examination is well performed at each visit,2026-01-11T17:38:32+00:00
ILMS-SIGNALS-238,"{0, Default}",site-021,ACT-19686,DEU,2026-01-11T17:38:32+00:00,False,,Verify if the physician copy the previous measurements for the vital signs.,center,[site-021],6963e018153a502d070da16d,site-021,,,,,,"{null, Site-wide, Critical Data, SIG-50550, Lorem Ipsum Dolor Sit Amet, [site-021], 6963e018153a502d070da16c, None, open, Signal 234}",new,Verify if physical examination is well performed at each visit,2026-01-11T17:38:32+00:00
ILMS-SIGNALS-238,"{0, Default}",site-112,ACT-19687,ITA,2026-01-11T17:38:33+00:00,False,,Verify if the physician copy the previous measurements for the vital signs.,center,[site-112],6963e019153a502d070da16f,site-112,,,,,,"{null, Site-wide, Critical Data, SIG-50551, Lorem Ipsum Dolor Sit Amet, [site-112], 6963e018153a502d070da16e, None, open, Signal 235}",new,Verify if physical examination is well performed at each visit,2026-01-11T17:38:33+00:00
ILMS-SIGNALS-238,"{0, Default}",site-051,ACT-19688,KOR,2026-01-11T17:38:35+00:00,False,,Verify if the physician copy the previous measurements for the vital signs.,center,[site-051],6963e01b153a502d070da171,site-051,,,,,,"{null, Site-wide, Critical Data, SIG-50552, Lorem Ipsum Dolor Sit Amet, [site-051], 6963e019153a502d070da170, None, open, Signal 236}",new,Verify if physical examination is well performed at each visit,2026-01-11T17:38:35+00:00
ILMS-SIGNALS-238,"{0, Default}",site-131,ACT-19689,GBR,2026-01-11T17:38:36+00:00,False,,Verify if the physician copy the previous measurements for the vital signs.,center,[site-131],6963e01c153a502d070da173,site-131,,,,,,"{null, Site-wide, Critical Data, SIG-50553, Lorem Ipsum Dolor Sit Amet, [site-131], 6963e01b153a502d070da172, None, open, Signal 237}",new,Verify if physical examination is well performed at each visit,2026-01-11T17:38:36+00:00
ILMS-SIGNALS-238,"{0, Default}",site-058,ACT-19690,COL,2026-01-11T17:38:36+00:00,False,,Verify if the physician copy the previous measurements for the vital signs.,center,[site-058],6963e01c153a502d070da175,site-058,,,,,,"{null, Site-wide, Critical Data, SIG-50554, Lorem Ipsum Dolor Sit Amet, [site-058], 6963e01c153a502d070da174, None, open, Signal 238}",new,Verify if physical examination is well performed at each visit,2026-01-11T17:38:36+00:00
ILMS-SIGNALS-238,"{0, Default}",site-059,ACT-19691,CAN,2026-01-11T17:38:37+00:00,False,,Verify if the physician copy the previous measurements for the vital signs.,center,[site-059],6963e01d153a502d070da177,site-059,,,,,,"{null, Site-wide, Critical Data, SIG-50555, Lorem Ipsum Dolor Sit Amet, [site-059], 6963e01c153a502d070da176, None, open, Signal 239}",new,Verify if physical examination is well performed at each visit,2026-01-11T17:38:37+00:00
ILMS-SIGNALS-238,"{0, Default}",site-056,ACT-19692,ESP,2026-01-11T17:38:37+00:00,False,,Verify if the physician copy the previous measurements for the vital signs.,center,[site-056],6963e01d153a502d070da179,site-056,,,,,,"{null, Site-wide, Critical Data, SIG-50556, Lorem Ipsum Dolor Sit Amet, [site-056], 6963e01d153a502d070da178, None, open, Signal 240}",new,Verify if physical examination is well performed at each visit,2026-01-11T17:38:37+00:00
ILMS-SIGNALS-238,"{0, Default}",site-131,ACT-19693,GBR,2026-01-11T17:38:38+00:00,False,,Verify if the physician copy the previous measurements for the vital signs.,center,[site-131],6963e01e153a502d070da17b,site-131,,,,,,"{null, Site-wide, Critical Data, SIG-50557, Lorem Ipsum Dolor Sit Amet, [site-131], 6963e01e153a502d070da17a, None, open, Signal 241}",new,Verify if physical examination is well performed at each visit,2026-01-11T17:38:38+00:00
ILMS-SIGNALS-238,"{0, Default}",site-032,ACT-19694,KOR,2026-01-11T17:38:39+00:00,False,,Verify if the physician copy the previous measurements for the vital signs.,center,[site-032],6963e01f153a502d070da17d,site-032,,,,,,"{null, Site-wide, Critical Data, SIG-50558, Lorem Ipsum Dolor Sit Amet, [site-032], 6963e01e153a502d070da17c, None, open, Signal 242}",new,Verify if physical examination is well performed at each visit,2026-01-11T17:38:39+00:00
ILMS-SIGNALS-238,"{0, Default}",site-025,ACT-19695,FRA,2026-01-11T17:38:39+00:00,False,,Verify if the physician copy the previous measurements for the vital signs.,center,[site-025],6963e01f153a502d070da17f,site-025,,,,,,"{null, Site-wide, Critical Data, SIG-50559, Lorem Ipsum Dolor Sit Amet, [site-025], 6963e01f153a502d070da17e, None, open, Signal 243}",new,Verify if physical examination is well performed at each visit,2026-01-11T17:38:39+00:00
ILMS-SIGNALS-238,"{0, Default}",site-114,ACT-19696,JPN,2026-01-11T17:38:40+00:00,False,,Verify if the physician copy the previous measurements for the vital signs.,center,[site-114],6963e020153a502d070da181,site-114,,,,,,"{null, Site-wide, Critical Data, SIG-50560, Lorem Ipsum Dolor Sit Amet, [site-114], 6963e01f153a502d070da180, None, open, Signal 244}",new,Verify if physical examination is well performed at each visit,2026-01-11T17:38:40+00:00
ILMS-SIGNALS-238,"{0, Default}",site-055,ACT-19697,FRA,2026-01-11T17:38:40+00:00,False,,Verify if the physician copy the previous measurements for the vital signs.,center,[site-055],6963e020153a502d070da183,site-055,,,,,,"{null, Site-wide, Critical Data, SIG-50561, Lorem Ipsum Dolor Sit Amet, [site-055], 6963e020153a502d070da182, None, open, Signal 245}",new,Verify if physical examination is well performed at each visit,2026-01-11T17:38:40+00:00
ILMS-SIGNALS-238,"{0, Default}",site-019,ACT-19698,ITA,2026-01-11T17:38:41+00:00,False,,Verify if the physician copy the previous measurements for the vital signs.,center,[site-019],6963e021153a502d070da185,site-019,,,,,,"{null, Site-wide, Critical Data, SIG-50562, Lorem Ipsum Dolor Sit Amet, [site-019], 6963e020153a502d070da184, None, open, Signal 246}",new,Verify if physical examination is well performed at each visit,2026-01-11T17:38:41+00:00
ILMS-SIGNALS-238,"{0, Default}",site-085,ACT-19699,AUS,2026-01-11T17:38:41+00:00,False,,Verify if the physician copy the previous measurements for the vital signs.,center,[site-085],6963e021153a502d070da187,site-085,,,,,,"{null, Site-wide, Critical Data, SIG-50563, Lorem Ipsum Dolor Sit Amet, [site-085], 6963e021153a502d070da186, None, open, Signal 247}",new,Verify if physical examination is well performed at each visit,2026-01-11T17:38:41+00:00
ILMS-SIGNALS-238,"{0, Default}",site-102,ACT-19700,COL,2026-01-11T17:38:42+00:00,False,,Verify if the physician copy the previous measurements for the vital signs.,center,[site-102],6963e022153a502d070da189,site-102,,,,,,"{null, Site-wide, Critical Data, SIG-50564, Lorem Ipsum Dolor Sit Amet, [site-102], 6963e021153a502d070da188, None, open, Signal 248}",new,Verify if physical examination is well performed at each visit,2026-01-11T17:38:42+00:00
ILMS-SIGNALS-238,"{0, Default}",site-057,ACT-19701,ITA,2026-01-11T17:38:42+00:00,False,,Verify if the physician copy the previous measurements for the vital signs.,center,[site-057],6963e022153a502d070da18b,site-057,,,,,,"{null, Site-wide, Critical Data, SIG-50565, Lorem Ipsum Dolor Sit Amet, [site-057], 6963e022153a502d070da18a, None, open, Signal 249}",new,Verify if physical examination is well performed at each visit,2026-01-11T17:38:42+00:00
ILMS-SIGNALS-238,"{0, Default}",site-061,ACT-19702,RUS,2026-01-11T17:38:43+00:00,False,,Verify if the physician copy the previous measurements for the vital signs.,center,[site-061],6963e023153a502d070da18d,site-061,,,,,,"{null, Site-wide, Critical Data, SIG-50566, Lorem Ipsum Dolor Sit Amet, [site-061], 6963e023153a502d070da18c, None, open, Signal 250}",new,Verify if physical examination is well performed at each visit,2026-01-11T17:38:43+00:00
ILMS-SIGNALS-238,"{0, Default}",site-066,ACT-19703,UKR,2026-01-11T17:38:44+00:00,False,,Verify if the physician copy the previous measurements for the vital signs.,center,[site-066],6963e024153a502d070da18f,site-066,,,,,,"{null, Site-wide, Critical Data, SIG-50567, Lorem Ipsum Dolor Sit Amet, [site-066], 6963e023153a502d070da18e, None, open, Signal 251}",new,Verify if physical examination is well performed at each visit,2026-01-11T17:38:44+00:00
ILMS-SIGNALS-238,"{0, Default}",site-121,ACT-19704,UKR,2026-01-11T17:38:44+00:00,False,,Verify if the physician copy the previous measurements for the vital signs.,center,[site-121],6963e024153a502d070da191,site-121,,,,,,"{null, Site-wide, Critical Data, SIG-50568, Lorem Ipsum Dolor Sit Amet, [site-121], 6963e024153a502d070da190, None, open, Signal 252}",new,Verify if physical examination is well performed at each visit,2026-01-11T17:38:44+00:00
ILMS-SIGNALS-238,"{0, Default}",site-132,ACT-19705,JPN,2026-01-11T17:38:45+00:00,False,,Verify if the physician copy the previous measurements for the vital signs.,center,[site-132],6963e025153a502d070da193,site-132,,,,,,"{null, Site-wide, Critical Data, SIG-50569, Lorem Ipsum Dolor Sit Amet, [site-132], 6963e024153a502d070da192, None, open, Signal 253}",new,Verify if physical examination is well performed at each visit,2026-01-11T17:38:45+00:00
ILMS-SIGNALS-238,"{0, Default}",site-102,ACT-19706,COL,2026-01-11T17:38:45+00:00,False,,Verify if the physician copy the previous measurements for the vital signs.,center,[site-102],6963e025153a502d070da195,site-102,,,,,,"{null, Site-wide, Critical Data, SIG-50570, Lorem Ipsum Dolor Sit Amet, [site-102], 6963e025153a502d070da194, None, open, Signal 254}",new,Verify if physical examination is well performed at each visit,2026-01-11T17:38:45+00:00
ILMS-SIGNALS-238,"{0, Default}",site-094,ACT-19707,TWN,2026-01-11T17:38:46+00:00,False,,Verify if the physician copy the previous measurements for the vital signs.,center,[site-094],6963e026153a502d070da197,site-094,,,,,,"{null, Site-wide, Critical Data, SIG-50571, Lorem Ipsum Dolor Sit Amet, [site-094], 6963e025153a502d070da196, None, open, Signal 255}",new,Verify if physical examination is well performed at each visit,2026-01-11T17:38:46+00:00
ILMS-SIGNALS-238,"{0, Default}",site-026,ACT-19708,KOR,2026-01-11T17:38:46+00:00,False,,Verify if the physician copy the previous measurements for the vital signs.,center,[site-026],6963e026153a502d070da199,site-026,,,,,,"{null, Site-wide, Critical Data, SIG-50572, Lorem Ipsum Dolor Sit Amet, [site-026], 6963e026153a502d070da198, None, open, Signal 256}",new,Verify if physical examination is well performed at each visit,2026-01-11T17:38:46+00:00
ILMS-SIGNALS-238,"{0, Default}",site-043,ACT-19709,COL,2026-01-11T17:38:47+00:00,False,,Verify if the physician copy the previous measurements for the vital signs.,center,[site-043],6963e027153a502d070da19b,site-043,,,,,,"{null, Site-wide, Critical Data, SIG-50573, Lorem Ipsum Dolor Sit Amet, [site-043], 6963e026153a502d070da19a, None, open, Signal 257}",new,Verify if physical examination is well performed at each visit,2026-01-11T17:38:47+00:00
ILMS-SIGNALS-238,"{0, Default}",site-058,ACT-19710,COL,2026-01-11T17:38:47+00:00,False,,Verify if the physician copy the previous measurements for the vital signs.,center,[site-058],6963e027153a502d070da19d,site-058,,,,,,"{null, Site-wide, Critical Data, SIG-50574, Lorem Ipsum Dolor Sit Amet, [site-058], 6963e027153a502d070da19c, None, open, Signal 258}",new,Verify if physical examination is well performed at each visit,2026-01-11T17:38:47+00:00
ILMS-SIGNALS-238,"{0, Default}",site-038,ACT-19711,TUR,2026-01-11T17:38:48+00:00,False,,Verify if the physician copy the previous measurements for the vital signs.,center,[site-038],6963e028153a502d070da19f,site-038,,,,,,"{null, Site-wide, Critical Data, SIG-50575, Lorem Ipsum Dolor Sit Amet, [site-038], 6963e027153a502d070da19e, None, open, Signal 259}",new,Verify if physical examination is well performed at each visit,2026-01-11T17:38:48+00:00
ILMS-SIGNALS-238,"{0, Default}",site-139,ACT-19712,JPN,2026-01-11T17:38:48+00:00,False,,Verify if the physician copy the previous measurements for the vital signs.,center,[site-139],6963e028153a502d070da1a1,site-139,,,,,,"{null, Site-wide, Critical Data, SIG-50576, Lorem Ipsum Dolor Sit Amet, [site-139], 6963e028153a502d070da1a0, None, open, Signal 260}",new,Verify if physical examination is well performed at each visit,2026-01-11T17:38:48+00:00
ILMS-SIGNALS-238,"{0, Default}",site-076,ACT-19713,RUS,2026-01-11T17:38:49+00:00,False,,Verify if the physician copy the previous measurements for the vital signs.,center,[site-076],6963e029153a502d070da1a3,site-076,,,,,,"{null, Site-wide, Critical Data, SIG-50577, Lorem Ipsum Dolor Sit Amet, [site-076], 6963e028153a502d070da1a2, None, open, Signal 261}",new,Verify if physical examination is well performed at each visit,2026-01-11T17:38:49+00:00
ILMS-SIGNALS-238,"{0, Default}",site-039,ACT-19714,COL,2026-01-11T17:38:49+00:00,False,,Verify if the physician copy the previous measurements for the vital signs.,center,[site-039],6963e029153a502d070da1a5,site-039,,,,,,"{null, Site-wide, Critical Data, SIG-50578, Lorem Ipsum Dolor Sit Amet, [site-039], 6963e029153a502d070da1a4, None, open, Signal 262}",new,Verify if physical examination is well performed at each visit,2026-01-11T17:38:49+00:00
ILMS-SIGNALS-238,"{0, Default}",site-015,ACT-19715,ITA,2026-01-11T17:38:50+00:00,False,,Verify if the physician copy the previous measurements for the vital signs.,center,[site-015],6963e02a153a502d070da1a7,site-015,,,,,,"{null, Site-wide, Critical Data, SIG-50579, Lorem Ipsum Dolor Sit Amet, [site-015], 6963e02a153a502d070da1a6, None, open, Signal 263}",new,Verify if physical examination is well performed at each visit,2026-01-11T17:38:50+00:00
ILMS-SIGNALS-238,"{0, Default}",site-140,ACT-19716,ITA,2026-01-11T17:38:50+00:00,False,,Verify if the physician copy the previous measurements for the vital signs.,center,[site-140],6963e02a153a502d070da1a9,site-140,,,,,,"{null, Site-wide, Critical Data, SIG-50580, Lorem Ipsum Dolor Sit Amet, [site-140], 6963e02a153a502d070da1a8, None, open, Signal 264}",new,Verify if physical examination is well performed at each visit,2026-01-11T17:38:50+00:00
ILMS-SIGNALS-238,"{0, Default}",site-056,ACT-19717,ESP,2026-01-11T17:38:51+00:00,False,,Verify if the physician copy the previous measurements for the vital signs.,center,[site-056],6963e02b153a502d070da1ab,site-056,,,,,,"{null, Site-wide, Critical Data, SIG-50581, Lorem Ipsum Dolor Sit Amet, [site-056], 6963e02b153a502d070da1aa, None, open, Signal 265}",new,Verify if physical examination is well performed at each visit,2026-01-11T17:38:51+00:00
ILMS-SIGNALS-238,"{0, Default}",site-124,ACT-19718,AUS,2026-01-11T17:38:52+00:00,False,,Verify if the physician copy the previous measurements for the vital signs.,center,[site-124],6963e02c153a502d070da1ad,site-124,,,,,,"{null, Site-wide, Critical Data, SIG-50582, Lorem Ipsum Dolor Sit Amet, [site-124], 6963e02b153a502d070da1ac, None, open, Signal 266}",new,Verify if physical examination is well performed at each visit,2026-01-11T17:38:52+00:00
ILMS-SIGNALS-238,"{0, Default}",site-009,ACT-19719,UKR,2026-01-11T17:38:52+00:00,False,,Verify if the physician copy the previous measurements for the vital signs.,center,[site-009],6963e02c153a502d070da1af,site-009,,,,,,"{null, Site-wide, Critical Data, SIG-50583, Lorem Ipsum Dolor Sit Amet, [site-009], 6963e02c153a502d070da1ae, None, open, Signal 267}",new,Verify if physical examination is well performed at each visit,2026-01-11T17:38:52+00:00
ILMS-SIGNALS-238,"{0, Default}",site-137,ACT-19720,DEU,2026-01-11T17:38:53+00:00,False,,Verify if the physician copy the previous measurements for the vital signs.,center,[site-137],6963e02d153a502d070da1b1,site-137,,,,,,"{null, Site-wide, Critical Data, SIG-50584, Lorem Ipsum Dolor Sit Amet, [site-137], 6963e02c153a502d070da1b0, None, open, Signal 268}",new,Verify if physical examination is well performed at each visit,2026-01-11T17:38:53+00:00
ILMS-SIGNALS-238,"{0, Default}",site-142,ACT-19721,JPN,2026-01-11T17:38:53+00:00,False,,Verify if the physician copy the previous measurements for the vital signs.,center,[site-142],6963e02d153a502d070da1b3,site-142,,,,,,"{null, Site-wide, Critical Data, SIG-50585, Lorem Ipsum Dolor Sit Amet, [site-142], 6963e02d153a502d070da1b2, None, open, Signal 269}",new,Verify if physical examination is well performed at each visit,2026-01-11T17:38:53+00:00
ILMS-SIGNALS-238,"{0, Default}",site-051,ACT-19722,KOR,2026-01-11T17:38:54+00:00,False,,Verify if the physician copy the previous measurements for the vital signs.,center,[site-051],6963e02e153a502d070da1b5,site-051,,,,,,"{null, Site-wide, Critical Data, SIG-50586, Lorem Ipsum Dolor Sit Amet, [site-051], 6963e02d153a502d070da1b4, None, open, Signal 270}",new,Verify if physical examination is well performed at each visit,2026-01-11T17:38:54+00:00
ILMS-SIGNALS-238,"{0, Default}",site-074,ACT-19723,TUR,2026-01-11T17:38:54+00:00,False,,Verify if the physician copy the previous measurements for the vital signs.,center,[site-074],6963e02e153a502d070da1b7,site-074,,,,,,"{null, Site-wide, Critical Data, SIG-50587, Lorem Ipsum Dolor Sit Amet, [site-074], 6963e02e153a502d070da1b6, None, open, Signal 271}",new,Verify if physical examination is well performed at each visit,2026-01-11T17:38:54+00:00
ILMS-SIGNALS-238,"{0, Default}",site-086,ACT-19724,USA,2026-01-11T17:38:55+00:00,False,,Verify if the physician copy the previous measurements for the vital signs.,center,[site-086],6963e02f153a502d070da1b9,site-086,,,,,,"{null, Site-wide, Critical Data, SIG-50588, Lorem Ipsum Dolor Sit Amet, [site-086], 6963e02f153a502d070da1b8, None, open, Signal 272}",new,Verify if physical examination is well performed at each visit,2026-01-11T17:38:55+00:00
ILMS-SIGNALS-238,"{0, Default}",site-135,ACT-19725,UKR,2026-01-11T17:38:56+00:00,False,,Verify if the physician copy the previous measurements for the vital signs.,center,[site-135],6963e030153a502d070da1bb,site-135,,,,,,"{null, Site-wide, Critical Data, SIG-50589, Lorem Ipsum Dolor Sit Amet, [site-135], 6963e02f153a502d070da1ba, None, open, Signal 273}",new,Verify if physical examination is well performed at each visit,2026-01-11T17:38:56+00:00
ILMS-SIGNALS-238,"{0, Default}",site-069,ACT-19726,GBR,2026-01-11T17:38:56+00:00,False,,Verify if the physician copy the previous measurements for the vital signs.,center,[site-069],6963e030153a502d070da1bd,site-069,,,,,,"{null, Site-wide, Critical Data, SIG-50590, Lorem Ipsum Dolor Sit Amet, [site-069], 6963e030153a502d070da1bc, None, open, Signal 274}",new,Verify if physical examination is well performed at each visit,2026-01-11T17:38:56+00:00
ILMS-SIGNALS-238,"{0, Default}",site-010,ACT-19727,ESP,2026-01-11T17:38:57+00:00,False,,Verify if the physician copy the previous measurements for the vital signs.,center,[site-010],6963e031153a502d070da1bf,site-010,,,,,,"{null, Site-wide, Critical Data, SIG-50591, Lorem Ipsum Dolor Sit Amet, [site-010], 6963e030153a502d070da1be, None, open, Signal 275}",new,Verify if physical examination is well performed at each visit,2026-01-11T17:38:57+00:00
ILMS-SIGNALS-238,"{0, Default}",site-052,ACT-19728,ESP,2026-01-11T17:38:57+00:00,False,,Verify if the physician copy the previous measurements for the vital signs.,center,[site-052],6963e031153a502d070da1c1,site-052,,,,,,"{null, Site-wide, Critical Data, SIG-50592, Lorem Ipsum Dolor Sit Amet, [site-052], 6963e031153a502d070da1c0, None, open, Signal 276}",new,Verify if physical examination is well performed at each visit,2026-01-11T17:38:57+00:00
ILMS-SIGNALS-238,"{0, Default}",site-095,ACT-19729,POL,2026-01-11T17:38:58+00:00,False,,Verify if the physician copy the previous measurements for the vital signs.,center,[site-095],6963e032153a502d070da1c3,site-095,,,,,,"{null, Site-wide, Critical Data, SIG-50593, Lorem Ipsum Dolor Sit Amet, [site-095], 6963e031153a502d070da1c2, None, open, Signal 277}",new,Verify if physical examination is well performed at each visit,2026-01-11T17:38:58+00:00
ILMS-SIGNALS-238,"{0, Default}",site-004,ACT-19730,CAN,2026-01-11T17:38:58+00:00,False,,Verify if the physician copy the previous measurements for the vital signs.,center,[site-004],6963e032153a502d070da1c5,site-004,,,,,,"{null, Site-wide, Critical Data, SIG-50594, Lorem Ipsum Dolor Sit Amet, [site-004], 6963e032153a502d070da1c4, None, open, Signal 278}",new,Verify if physical examination is well performed at each visit,2026-01-11T17:38:58+00:00
ILMS-SIGNALS-238,"{0, Default}",site-113,ACT-19731,CHL,2026-01-11T17:38:59+00:00,False,,Verify if the physician copy the previous measurements for the vital signs.,center,[site-113],6963e033153a502d070da1c7,site-113,,,,,,"{null, Site-wide, Critical Data, SIG-50595, Lorem Ipsum Dolor Sit Amet, [site-113], 6963e032153a502d070da1c6, None, open, Signal 279}",new,Verify if physical examination is well performed at each visit,2026-01-11T17:38:59+00:00
ILMS-SIGNALS-238,"{0, Default}",site-035,ACT-19732,ITA,2026-01-11T17:38:59+00:00,False,,Verify if the physician copy the previous measurements for the vital signs.,center,[site-035],6963e033153a502d070da1c9,site-035,,,,,,"{null, Site-wide, Critical Data, SIG-50596, Lorem Ipsum Dolor Sit Amet, [site-035], 6963e033153a502d070da1c8, None, open, Signal 280}",new,Verify if physical examination is well performed at each visit,2026-01-11T17:38:59+00:00
ILMS-SIGNALS-238,"{0, Default}",site-013,ACT-19733,CAN,2026-01-11T17:39:00+00:00,False,,Verify if the physician copy the previous measurements for the vital signs.,center,[site-013],6963e034153a502d070da1cb,site-013,,,,,,"{null, Site-wide, Critical Data, SIG-50597, Lorem Ipsum Dolor Sit Amet, [site-013], 6963e033153a502d070da1ca, None, open, Signal 281}",new,Verify if physical examination is well performed at each visit,2026-01-11T17:39:00+00:00
ILMS-SIGNALS-238,"{0, Default}",site-139,ACT-19734,JPN,2026-01-11T17:39:00+00:00,False,,Verify if the physician copy the previous measurements for the vital signs.,center,[site-139],6963e034153a502d070da1cd,site-139,,,,,,"{null, Site-wide, Critical Data, SIG-50598, Lorem Ipsum Dolor Sit Amet, [site-139], 6963e034153a502d070da1cc, None, open, Signal 282}",new,Verify if physical examination is well performed at each visit,2026-01-11T17:39:00+00:00
ILMS-SIGNALS-238,"{0, Default}",site-004,ACT-19735,CAN,2026-01-11T17:39:01+00:00,False,,Verify if the physician copy the previous measurements for the vital signs.,center,[site-004],6963e035153a502d070da1cf,site-004,,,,,,"{null, Site-wide, Critical Data, SIG-50599, Lorem Ipsum Dolor Sit Amet, [site-004], 6963e035153a502d070da1ce, None, open, Signal 283}",new,Verify if physical examination is well performed at each visit,2026-01-11T17:39:01+00:00
ILMS-SIGNALS-238,"{0, Default}",site-104,ACT-19736,JPN,2026-01-11T17:39:02+00:00,False,,Verify if the physician copy the previous measurements for the vital signs.,center,[site-104],6963e036153a502d070da1d1,site-104,,,,,,"{null, Site-wide, Critical Data, SIG-50600, Lorem Ipsum Dolor Sit Amet, [site-104], 6963e035153a502d070da1d0, None, open, Signal 284}",new,Verify if physical examination is well performed at each visit,2026-01-11T17:39:02+00:00
ILMS-SIGNALS-238,"{0, Default}",site-012,ACT-19737,JPN,2026-01-11T17:39:02+00:00,False,,Verify if the physician copy the previous measurements for the vital signs.,center,[site-012],6963e036153a502d070da1d3,site-012,,,,,,"{null, Site-wide, Critical Data, SIG-50601, Lorem Ipsum Dolor Sit Amet, [site-012], 6963e036153a502d070da1d2, None, open, Signal 285}",new,Verify if physical examination is well performed at each visit,2026-01-11T17:39:02+00:00
ILMS-SIGNALS-238,"{0, Default}",site-041,ACT-19738,COL,2026-01-11T17:39:03+00:00,False,,Verify if the physician copy the previous measurements for the vital signs.,center,[site-041],6963e037153a502d070da1d5,site-041,,,,,,"{null, Site-wide, Critical Data, SIG-50602, Lorem Ipsum Dolor Sit Amet, [site-041], 6963e036153a502d070da1d4, None, open, Signal 286}",new,Verify if physical examination is well performed at each visit,2026-01-11T17:39:03+00:00
ILMS-SIGNALS-238,"{0, Default}",site-129,ACT-19739,TWN,2026-01-11T17:39:03+00:00,False,,Verify if the physician copy the previous measurements for the vital signs.,center,[site-129],6963e037153a502d070da1d7,site-129,,,,,,"{null, Site-wide, Critical Data, SIG-50603, Lorem Ipsum Dolor Sit Amet, [site-129], 6963e037153a502d070da1d6, None, open, Signal 287}",new,Verify if physical examination is well performed at each visit,2026-01-11T17:39:03+00:00
ILMS-SIGNALS-238,"{0, Default}",site-093,ACT-19740,TUR,2026-01-11T17:39:04+00:00,False,,Verify if the physician copy the previous measurements for the vital signs.,center,[site-093],6963e038153a502d070da1d9,site-093,,,,,,"{null, Site-wide, Critical Data, SIG-50604, Lorem Ipsum Dolor Sit Amet, [site-093], 6963e038153a502d070da1d8, None, open, Signal 288}",new,Verify if physical examination is well performed at each visit,2026-01-11T17:39:04+00:00
ILMS-SIGNALS-238,"{0, Default}",site-084,ACT-19741,ARG,2026-01-11T17:39:05+00:00,False,,Verify if the physician copy the previous measurements for the vital signs.,center,[site-084],6963e039153a502d070da1db,site-084,,,,,,"{null, Site-wide, Critical Data, SIG-50605, Lorem Ipsum Dolor Sit Amet, [site-084], 6963e038153a502d070da1da, None, open, Signal 289}",new,Verify if physical examination is well performed at each visit,2026-01-11T17:39:05+00:00
ILMS-SIGNALS-238,"{0, Default}",site-094,ACT-19742,TWN,2026-01-11T17:39:05+00:00,False,,Verify if the physician copy the previous measurements for the vital signs.,center,[site-094],6963e039153a502d070da1dd,site-094,,,,,,"{null, Site-wide, Critical Data, SIG-50606, Lorem Ipsum Dolor Sit Amet, [site-094], 6963e039153a502d070da1dc, None, open, Signal 290}",new,Verify if physical examination is well performed at each visit,2026-01-11T17:39:05+00:00
ILMS-SIGNALS-238,"{0, Default}",site-020,ACT-19743,ESP,2026-01-11T17:39:06+00:00,False,,Verify if the physician copy the previous measurements for the vital signs.,center,[site-020],6963e03a153a502d070da1df,site-020,,,,,,"{null, Site-wide, Critical Data, SIG-50607, Lorem Ipsum Dolor Sit Amet, [site-020], 6963e039153a502d070da1de, None, open, Signal 291}",new,Verify if physical examination is well performed at each visit,2026-01-11T17:39:06+00:00
ILMS-SIGNALS-238,"{0, Default}",site-127,ACT-19744,CHL,2026-01-11T17:39:06+00:00,False,,Verify if the physician copy the previous measurements for the vital signs.,center,[site-127],6963e03a153a502d070da1e1,site-127,,,,,,"{null, Site-wide, Critical Data, SIG-50608, Lorem Ipsum Dolor Sit Amet, [site-127], 6963e03a153a502d070da1e0, None, open, Signal 292}",new,Verify if physical examination is well performed at each visit,2026-01-11T17:39:06+00:00
ILMS-SIGNALS-238,"{0, Default}",site-135,ACT-19745,UKR,2026-01-11T17:39:07+00:00,False,,Verify if the physician copy the previous measurements for the vital signs.,center,[site-135],6963e03b153a502d070da1e3,site-135,,,,,,"{null, Site-wide, Critical Data, SIG-50609, Lorem Ipsum Dolor Sit Amet, [site-135], 6963e03a153a502d070da1e2, None, open, Signal 293}",new,Verify if physical examination is well performed at each visit,2026-01-11T17:39:07+00:00
ILMS-SIGNALS-238,"{0, Default}",site-025,ACT-19746,FRA,2026-01-11T17:39:07+00:00,False,,Verify if the physician copy the previous measurements for the vital signs.,center,[site-025],6963e03b153a502d070da1e5,site-025,,,,,,"{null, Site-wide, Critical Data, SIG-50610, Lorem Ipsum Dolor Sit Amet, [site-025], 6963e03b153a502d070da1e4, None, open, Signal 294}",new,Verify if physical examination is well performed at each visit,2026-01-11T17:39:07+00:00
ILMS-SIGNALS-238,"{0, Default}",site-139,ACT-19747,JPN,2026-01-11T17:39:08+00:00,False,,Verify if the physician copy the previous measurements for the vital signs.,center,[site-139],6963e03c153a502d070da1e7,site-139,,,,,,"{null, Site-wide, Critical Data, SIG-50611, Lorem Ipsum Dolor Sit Amet, [site-139], 6963e03b153a502d070da1e6, None, open, Signal 295}",new,Verify if physical examination is well performed at each visit,2026-01-11T17:39:08+00:00
ILMS-SIGNALS-238,"{0, Default}",site-021,ACT-19748,DEU,2026-01-11T17:39:08+00:00,False,,Verify if the physician copy the previous measurements for the vital signs.,center,[site-021],6963e03c153a502d070da1e9,site-021,,,,,,"{null, Site-wide, Critical Data, SIG-50612, Lorem Ipsum Dolor Sit Amet, [site-021], 6963e03c153a502d070da1e8, None, open, Signal 296}",new,Verify if physical examination is well performed at each visit,2026-01-11T17:39:08+00:00
ILMS-SIGNALS-238,"{0, Default}",site-095,ACT-19749,POL,2026-01-11T17:39:09+00:00,False,,Verify if the physician copy the previous measurements for the vital signs.,center,[site-095],6963e03d153a502d070da1eb,site-095,,,,,,"{null, Site-wide, Critical Data, SIG-50613, Lorem Ipsum Dolor Sit Amet, [site-095], 6963e03c153a502d070da1ea, None, open, Signal 297}",new,Verify if physical examination is well performed at each visit,2026-01-11T17:39:09+00:00
ILMS-SIGNALS-238,"{0, Default}",site-142,ACT-19750,JPN,2026-01-11T17:39:09+00:00,False,,Verify if the physician copy the previous measurements for the vital signs.,center,[site-142],6963e03d153a502d070da1ed,site-142,,,,,,"{null, Site-wide, Critical Data, SIG-50614, Lorem Ipsum Dolor Sit Amet, [site-142], 6963e03d153a502d070da1ec, None, open, Signal 298}",new,Verify if physical examination is well performed at each visit,2026-01-11T17:39:09+00:00
ILMS-SIGNALS-238,"{0, Default}",site-080,ACT-19751,GBR,2026-01-11T17:39:10+00:00,False,,Verify if the physician copy the previous measurements for the vital signs.,center,[site-080],6963e03e153a502d070da1ef,site-080,,,,,,"{null, Site-wide, Critical Data, SIG-50615, Lorem Ipsum Dolor Sit Amet, [site-080], 6963e03e153a502d070da1ee, None, open, Signal 299}",new,Verify if physical examination is well performed at each visit,2026-01-11T17:39:10+00:00
ILMS-SIGNALS-238,"{0, Default}",site-029,ACT-19752,ESP,2026-01-11T17:39:11+00:00,False,,Verify if the physician copy the previous measurements for the vital signs.,center,[site-029],6963e03f153a502d070da1f1,site-029,,,,,,"{null, Site-wide, Critical Data, SIG-50616, Lorem Ipsum Dolor Sit Amet, [site-029], 6963e03e153a502d070da1f0, None, open, Signal 300}",new,Verify if physical examination is well performed at each visit,2026-01-11T17:39:11+00:00
ILMS-SIGNALS-238,"{0, Default}",site-043,ACT-19753,COL,2026-01-11T17:39:11+00:00,False,,Verify if the physician copy the previous measurements for the vital signs.,center,[site-043],6963e03f153a502d070da1f3,site-043,,,,,,"{null, Site-wide, Critical Data, SIG-50617, Lorem Ipsum Dolor Sit Amet, [site-043], 6963e03f153a502d070da1f2, None, open, Signal 301}",new,Verify if physical examination is well performed at each visit,2026-01-11T17:39:11+00:00
ILMS-SIGNALS-238,"{0, Default}",site-019,ACT-19754,ITA,2026-01-11T17:39:12+00:00,False,,Verify if the physician copy the previous measurements for the vital signs.,center,[site-019],6963e040153a502d070da1f5,site-019,,,,,,"{null, Site-wide, Critical Data, SIG-50618, Lorem Ipsum Dolor Sit Amet, [site-019], 6963e03f153a502d070da1f4, None, open, Signal 302}",new,Verify if physical examination is well performed at each visit,2026-01-11T17:39:12+00:00
ILMS-SIGNALS-238,"{0, Default}",site-133,ACT-19755,COL,2026-01-11T17:39:12+00:00,False,,Verify if the physician copy the previous measurements for the vital signs.,center,[site-133],6963e040153a502d070da1f7,site-133,,,,,,"{null, Site-wide, Critical Data, SIG-50619, Lorem Ipsum Dolor Sit Amet, [site-133], 6963e040153a502d070da1f6, None, open, Signal 303}",new,Verify if physical examination is well performed at each visit,2026-01-11T17:39:12+00:00
ILMS-SIGNALS-238,"{0, Default}",site-012,ACT-19756,JPN,2026-01-11T17:39:13+00:00,False,,Verify if the physician copy the previous measurements for the vital signs.,center,[site-012],6963e041153a502d070da1f9,site-012,,,,,,"{null, Site-wide, Critical Data, SIG-50620, Lorem Ipsum Dolor Sit Amet, [site-012], 6963e040153a502d070da1f8, None, open, Signal 304}",new,Verify if physical examination is well performed at each visit,2026-01-11T17:39:13+00:00
ILMS-SIGNALS-238,"{0, Default}",site-008,ACT-19757,CHL,2026-01-11T17:39:13+00:00,False,,Verify if the physician copy the previous measurements for the vital signs.,center,[site-008],6963e041153a502d070da1fb,site-008,,,,,,"{null, Site-wide, Critical Data, SIG-50621, Lorem Ipsum Dolor Sit Amet, [site-008], 6963e041153a502d070da1fa, None, open, Signal 305}",new,Verify if physical examination is well performed at each visit,2026-01-11T17:39:13+00:00
ILMS-SIGNALS-238,"{0, Default}",site-073,ACT-19758,COL,2026-01-11T17:39:14+00:00,False,,Verify if the physician copy the previous measurements for the vital signs.,center,[site-073],6963e042153a502d070da1fd,site-073,,,,,,"{null, Site-wide, Critical Data, SIG-50622, Lorem Ipsum Dolor Sit Amet, [site-073], 6963e042153a502d070da1fc, None, open, Signal 306}",new,Verify if physical examination is well performed at each visit,2026-01-11T17:39:14+00:00
ILMS-SIGNALS-238,"{0, Default}",site-090,ACT-19759,JPN,2026-01-11T17:39:15+00:00,False,,Verify if the physician copy the previous measurements for the vital signs.,center,[site-090],6963e043153a502d070da1ff,site-090,,,,,,"{null, Site-wide, Critical Data, SIG-50623, Lorem Ipsum Dolor Sit Amet, [site-090], 6963e042153a502d070da1fe, None, open, Signal 307}",new,Verify if physical examination is well performed at each visit,2026-01-11T17:39:15+00:00
ILMS-SIGNALS-238,"{0, Default}",site-063,ACT-19760,DEU,2026-01-11T17:39:15+00:00,False,,Verify if the physician copy the previous measurements for the vital signs.,center,[site-063],6963e043153a502d070da201,site-063,,,,,,"{null, Site-wide, Critical Data, SIG-50624, Lorem Ipsum Dolor Sit Amet, [site-063], 6963e043153a502d070da200, None, open, Signal 308}",new,Verify if physical examination is well performed at each visit,2026-01-11T17:39:15+00:00
ILMS-SIGNALS-238,"{0, Default}",site-139,ACT-19761,JPN,2026-01-11T17:39:16+00:00,False,,Verify if the physician copy the previous measurements for the vital signs.,center,[site-139],6963e044153a502d070da203,site-139,,,,,,"{null, Site-wide, Critical Data, SIG-50625, Lorem Ipsum Dolor Sit Amet, [site-139], 6963e043153a502d070da202, None, open, Signal 309}",new,Verify if physical examination is well performed at each visit,2026-01-11T17:39:16+00:00
ILMS-SIGNALS-238,"{0, Default}",site-002,ACT-19762,RUS,2026-01-11T17:39:16+00:00,False,,Verify if the physician copy the previous measurements for the vital signs.,center,[site-002],6963e044153a502d070da205,site-002,,,,,,"{null, Site-wide, Critical Data, SIG-50626, Lorem Ipsum Dolor Sit Amet, [site-002], 6963e044153a502d070da204, None, open, Signal 310}",new,Verify if physical examination is well performed at each visit,2026-01-11T17:39:16+00:00
ILMS-SIGNALS-238,"{0, Default}",site-056,ACT-19763,ESP,2026-01-11T17:39:17+00:00,False,,Verify if the physician copy the previous measurements for the vital signs.,center,[site-056],6963e045153a502d070da207,site-056,,,,,,"{null, Site-wide, Critical Data, SIG-50627, Lorem Ipsum Dolor Sit Amet, [site-056], 6963e044153a502d070da206, None, open, Signal 311}",new,Verify if physical examination is well performed at each visit,2026-01-11T17:39:17+00:00
ILMS-SIGNALS-238,"{0, Default}",site-068,ACT-19764,COL,2026-01-11T17:39:17+00:00,False,,Verify if the physician copy the previous measurements for the vital signs.,center,[site-068],6963e045153a502d070da209,site-068,,,,,,"{null, Site-wide, Critical Data, SIG-50628, Lorem Ipsum Dolor Sit Amet, [site-068], 6963e045153a502d070da208, None, open, Signal 312}",new,Verify if physical examination is well performed at each visit,2026-01-11T17:39:17+00:00
ILMS-SIGNALS-238,"{0, Default}",site-001,ACT-19765,AUS,2026-01-11T17:39:18+00:00,False,,Verify if the physician copy the previous measurements for the vital signs.,center,[site-001],6963e046153a502d070da20b,site-001,,,,,,"{null, Site-wide, Critical Data, SIG-50629, Lorem Ipsum Dolor Sit Amet, [site-001], 6963e045153a502d070da20a, None, open, Signal 313}",new,Verify if physical examination is well performed at each visit,2026-01-11T17:39:18+00:00
ILMS-SIGNALS-238,"{0, Default}",site-078,ACT-19766,TUR,2026-01-11T17:39:18+00:00,False,,Verify if the physician copy the previous measurements for the vital signs.,center,[site-078],6963e046153a502d070da20d,site-078,,,,,,"{null, Site-wide, Critical Data, SIG-50630, Lorem Ipsum Dolor Sit Amet, [site-078], 6963e046153a502d070da20c, None, open, Signal 314}",new,Verify if physical examination is well performed at each visit,2026-01-11T17:39:18+00:00
ILMS-SIGNALS-238,"{0, Default}",site-047,ACT-19767,ARG,2026-01-11T17:39:19+00:00,False,,Verify if the physician copy the previous measurements for the vital signs.,center,[site-047],6963e047153a502d070da20f,site-047,,,,,,"{null, Site-wide, Critical Data, SIG-50631, Lorem Ipsum Dolor Sit Amet, [site-047], 6963e047153a502d070da20e, None, open, Signal 315}",new,Verify if physical examination is well performed at each visit,2026-01-11T17:39:19+00:00
ILMS-SIGNALS-238,"{0, Default}",site-109,ACT-19768,DEU,2026-01-11T17:39:20+00:00,False,,Verify if the physician copy the previous measurements for the vital signs.,center,[site-109],6963e048153a502d070da211,site-109,,,,,,"{null, Site-wide, Critical Data, SIG-50632, Lorem Ipsum Dolor Sit Amet, [site-109], 6963e047153a502d070da210, None, open, Signal 316}",new,Verify if physical examination is well performed at each visit,2026-01-11T17:39:20+00:00
ILMS-SIGNALS-238,"{0, Default}",site-022,ACT-19769,TWN,2026-01-11T17:39:20+00:00,False,,Verify if the physician copy the previous measurements for the vital signs.,center,[site-022],6963e048153a502d070da213,site-022,,,,,,"{null, Site-wide, Critical Data, SIG-50633, Lorem Ipsum Dolor Sit Amet, [site-022], 6963e048153a502d070da212, None, open, Signal 317}",new,Verify if physical examination is well performed at each visit,2026-01-11T17:39:20+00:00
ILMS-SIGNALS-238,"{0, Default}",site-031,ACT-19770,GBR,2026-01-11T17:39:21+00:00,False,,Verify if the physician copy the previous measurements for the vital signs.,center,[site-031],6963e049153a502d070da215,site-031,,,,,,"{null, Site-wide, Critical Data, SIG-50634, Lorem Ipsum Dolor Sit Amet, [site-031], 6963e048153a502d070da214, None, open, Signal 318}",new,Verify if physical examination is well performed at each visit,2026-01-11T17:39:21+00:00
ILMS-SIGNALS-238,"{0, Default}",site-056,ACT-19771,ESP,2026-01-11T17:39:21+00:00,False,,Verify if the physician copy the previous measurements for the vital signs.,center,[site-056],6963e049153a502d070da217,site-056,,,,,,"{null, Site-wide, Critical Data, SIG-50635, Lorem Ipsum Dolor Sit Amet, [site-056], 6963e049153a502d070da216, None, open, Signal 319}",new,Verify if physical examination is well performed at each visit,2026-01-11T17:39:21+00:00
ILMS-SIGNALS-238,"{0, Default}",site-020,ACT-19772,ESP,2026-01-11T17:39:22+00:00,False,,Verify if the physician copy the previous measurements for the vital signs.,center,[site-020],6963e04a153a502d070da219,site-020,,,,,,"{null, Site-wide, Critical Data, SIG-50636, Lorem Ipsum Dolor Sit Amet, [site-020], 6963e049153a502d070da218, None, open, Signal 320}",new,Verify if physical examination is well performed at each visit,2026-01-11T17:39:22+00:00
ILMS-SIGNALS-238,"{0, Default}",site-019,ACT-19773,ITA,2026-01-11T17:39:22+00:00,False,,Verify if the physician copy the previous measurements for the vital signs.,center,[site-019],6963e04a153a502d070da21b,site-019,,,,,,"{null, Site-wide, Critical Data, SIG-50637, Lorem Ipsum Dolor Sit Amet, [site-019], 6963e04a153a502d070da21a, None, open, Signal 321}",new,Verify if physical examination is well performed at each visit,2026-01-11T17:39:22+00:00
ILMS-SIGNALS-238,"{0, Default}",site-029,ACT-19774,ESP,2026-01-11T17:39:23+00:00,False,,Verify if the physician copy the previous measurements for the vital signs.,center,[site-029],6963e04b153a502d070da21d,site-029,,,,,,"{null, Site-wide, Critical Data, SIG-50638, Lorem Ipsum Dolor Sit Amet, [site-029], 6963e04b153a502d070da21c, None, open, Signal 322}",new,Verify if physical examination is well performed at each visit,2026-01-11T17:39:23+00:00
ILMS-SIGNALS-238,"{0, Default}",site-142,ACT-19775,JPN,2026-01-11T17:39:24+00:00,False,,Verify if the physician copy the previous measurements for the vital signs.,center,[site-142],6963e04c153a502d070da21f,site-142,,,,,,"{null, Site-wide, Critical Data, SIG-50639, Lorem Ipsum Dolor Sit Amet, [site-142], 6963e04b153a502d070da21e, None, open, Signal 323}",new,Verify if physical examination is well performed at each visit,2026-01-11T17:39:24+00:00
ILMS-SIGNALS-238,"{0, Default}",site-116,ACT-19776,COL,2026-01-11T17:39:24+00:00,False,,Verify if the physician copy the previous measurements for the vital signs.,center,[site-116],6963e04c153a502d070da221,site-116,,,,,,"{null, Site-wide, Critical Data, SIG-50640, Lorem Ipsum Dolor Sit Amet, [site-116], 6963e04c153a502d070da220, None, open, Signal 324}",new,Verify if physical examination is well performed at each visit,2026-01-11T17:39:24+00:00
ILMS-SIGNALS-238,"{0, Default}",site-051,ACT-19777,KOR,2026-01-11T17:39:25+00:00,False,,Verify if the physician copy the previous measurements for the vital signs.,center,[site-051],6963e04d153a502d070da223,site-051,,,,,,"{null, Site-wide, Critical Data, SIG-50641, Lorem Ipsum Dolor Sit Amet, [site-051], 6963e04c153a502d070da222, None, open, Signal 325}",new,Verify if physical examination is well performed at each visit,2026-01-11T17:39:25+00:00
ILMS-SIGNALS-238,"{0, Default}",site-060,ACT-19778,ESP,2026-01-11T17:39:25+00:00,False,,Verify if the physician copy the previous measurements for the vital signs.,center,[site-060],6963e04d153a502d070da225,site-060,,,,,,"{null, Site-wide, Critical Data, SIG-50642, Lorem Ipsum Dolor Sit Amet, [site-060], 6963e04d153a502d070da224, None, open, Signal 326}",new,Verify if physical examination is well performed at each visit,2026-01-11T17:39:25+00:00
ILMS-SIGNALS-238,"{0, Default}",site-091,ACT-19779,AUS,2026-01-11T17:39:26+00:00,False,,Verify if the physician copy the previous measurements for the vital signs.,center,[site-091],6963e04e153a502d070da227,site-091,,,,,,"{null, Site-wide, Critical Data, SIG-50643, Lorem Ipsum Dolor Sit Amet, [site-091], 6963e04d153a502d070da226, None, open, Signal 327}",new,Verify if physical examination is well performed at each visit,2026-01-11T17:39:26+00:00
ILMS-SIGNALS-238,"{0, Default}",site-026,ACT-19780,KOR,2026-01-11T17:39:26+00:00,False,,Verify if the physician copy the previous measurements for the vital signs.,center,[site-026],6963e04e153a502d070da229,site-026,,,,,,"{null, Site-wide, Critical Data, SIG-50644, Lorem Ipsum Dolor Sit Amet, [site-026], 6963e04e153a502d070da228, None, open, Signal 328}",new,Verify if physical examination is well performed at each visit,2026-01-11T17:39:26+00:00
ILMS-SIGNALS-238,"{0, Default}",site-097,ACT-19781,TUR,2026-01-11T17:39:27+00:00,False,,Verify if the physician copy the previous measurements for the vital signs.,center,[site-097],6963e04f153a502d070da22b,site-097,,,,,,"{null, Site-wide, Critical Data, SIG-50645, Lorem Ipsum Dolor Sit Amet, [site-097], 6963e04e153a502d070da22a, None, open, Signal 329}",new,Verify if physical examination is well performed at each visit,2026-01-11T17:39:27+00:00
ILMS-SIGNALS-238,"{0, Default}",site-026,ACT-19782,KOR,2026-01-11T17:39:27+00:00,False,,Verify if the physician copy the previous measurements for the vital signs.,center,[site-026],6963e04f153a502d070da22d,site-026,,,,,,"{null, Site-wide, Critical Data, SIG-50646, Lorem Ipsum Dolor Sit Amet, [site-026], 6963e04f153a502d070da22c, None, open, Signal 330}",new,Verify if physical examination is well performed at each visit,2026-01-11T17:39:27+00:00
ILMS-SIGNALS-238,"{0, Default}",site-090,ACT-19783,JPN,2026-01-11T17:39:28+00:00,False,,Verify if the physician copy the previous measurements for the vital signs.,center,[site-090],6963e050153a502d070da22f,site-090,,,,,,"{null, Site-wide, Critical Data, SIG-50647, Lorem Ipsum Dolor Sit Amet, [site-090], 6963e04f153a502d070da22e, None, open, Signal 331}",new,Verify if physical examination is well performed at each visit,2026-01-11T17:39:28+00:00
ILMS-SIGNALS-238,"{0, Default}",site-118,ACT-19784,JPN,2026-01-11T17:39:28+00:00,False,,Verify if the physician copy the previous measurements for the vital signs.,center,[site-118],6963e050153a502d070da231,site-118,,,,,,"{null, Site-wide, Critical Data, SIG-50648, Lorem Ipsum Dolor Sit Amet, [site-118], 6963e050153a502d070da230, None, open, Signal 332}",new,Verify if physical examination is well performed at each visit,2026-01-11T17:39:28+00:00
ILMS-SIGNALS-238,"{0, Default}",site-067,ACT-19785,DEU,2026-01-11T17:39:29+00:00,False,,Verify if the physician copy the previous measurements for the vital signs.,center,[site-067],6963e051153a502d070da233,site-067,,,,,,"{null, Site-wide, Critical Data, SIG-50649, Lorem Ipsum Dolor Sit Amet, [site-067], 6963e050153a502d070da232, None, open, Signal 333}",new,Verify if physical examination is well performed at each visit,2026-01-11T17:39:29+00:00
ILMS-SIGNALS-238,"{0, Default}",site-002,ACT-19786,RUS,2026-01-11T17:39:29+00:00,False,,Verify if the physician copy the previous measurements for the vital signs.,center,[site-002],6963e051153a502d070da235,site-002,,,,,,"{null, Site-wide, Critical Data, SIG-50650, Lorem Ipsum Dolor Sit Amet, [site-002], 6963e051153a502d070da234, None, open, Signal 334}",new,Verify if physical examination is well performed at each visit,2026-01-11T17:39:29+00:00
ILMS-SIGNALS-238,"{0, Default}",site-083,ACT-19787,AUS,2026-01-11T17:39:30+00:00,False,,Verify if the physician copy the previous measurements for the vital signs.,center,[site-083],6963e052153a502d070da237,site-083,,,,,,"{null, Site-wide, Critical Data, SIG-50651, Lorem Ipsum Dolor Sit Amet, [site-083], 6963e052153a502d070da236, None, open, Signal 335}",new,Verify if physical examination is well performed at each visit,2026-01-11T17:39:30+00:00
ILMS-SIGNALS-238,"{0, Default}",site-106,ACT-19788,TWN,2026-01-11T17:39:31+00:00,False,,Verify if the physician copy the previous measurements for the vital signs.,center,[site-106],6963e053153a502d070da239,site-106,,,,,,"{null, Site-wide, Critical Data, SIG-50652, Lorem Ipsum Dolor Sit Amet, [site-106], 6963e052153a502d070da238, None, open, Signal 336}",new,Verify if physical examination is well performed at each visit,2026-01-11T17:39:31+00:00
ILMS-SIGNALS-238,"{0, Default}",site-035,ACT-19789,ITA,2026-01-11T17:39:31+00:00,False,,Verify if the physician copy the previous measurements for the vital signs.,center,[site-035],6963e053153a502d070da23b,site-035,,,,,,"{null, Site-wide, Critical Data, SIG-50653, Lorem Ipsum Dolor Sit Amet, [site-035], 6963e053153a502d070da23a, None, open, Signal 337}",new,Verify if physical examination is well performed at each visit,2026-01-11T17:39:31+00:00
ILMS-SIGNALS-238,"{0, Default}",site-026,ACT-19790,KOR,2026-01-11T17:39:32+00:00,False,,Verify if the physician copy the previous measurements for the vital signs.,center,[site-026],6963e054153a502d070da23d,site-026,,,,,,"{null, Site-wide, Critical Data, SIG-50654, Lorem Ipsum Dolor Sit Amet, [site-026], 6963e053153a502d070da23c, None, open, Signal 338}",new,Verify if physical examination is well performed at each visit,2026-01-11T17:39:32+00:00
ILMS-SIGNALS-238,"{0, Default}",site-132,ACT-19791,JPN,2026-01-11T17:39:32+00:00,False,,Verify if the physician copy the previous measurements for the vital signs.,center,[site-132],6963e054153a502d070da23f,site-132,,,,,,"{null, Site-wide, Critical Data, SIG-50655, Lorem Ipsum Dolor Sit Amet, [site-132], 6963e054153a502d070da23e, None, open, Signal 339}",new,Verify if physical examination is well performed at each visit,2026-01-11T17:39:32+00:00
ILMS-SIGNALS-238,"{0, Default}",site-042,ACT-19792,DEU,2026-01-11T17:39:33+00:00,False,,Verify if the physician copy the previous measurements for the vital signs.,center,[site-042],6963e055153a502d070da241,site-042,,,,,,"{null, Site-wide, Critical Data, SIG-50656, Lorem Ipsum Dolor Sit Amet, [site-042], 6963e054153a502d070da240, None, open, Signal 340}",new,Verify if physical examination is well performed at each visit,2026-01-11T17:39:33+00:00
ILMS-SIGNALS-238,"{0, Default}",site-079,ACT-19793,ZAF,2026-01-11T17:39:33+00:00,False,,Verify if the physician copy the previous measurements for the vital signs.,center,[site-079],6963e055153a502d070da243,site-079,,,,,,"{null, Site-wide, Critical Data, SIG-50657, Lorem Ipsum Dolor Sit Amet, [site-079], 6963e055153a502d070da242, None, open, Signal 341}",new,Verify if physical examination is well performed at each visit,2026-01-11T17:39:33+00:00
ILMS-SIGNALS-238,"{0, Default}",site-114,ACT-19794,JPN,2026-01-11T17:39:34+00:00,False,,Verify if the physician copy the previous measurements for the vital signs.,center,[site-114],6963e056153a502d070da245,site-114,,,,,,"{null, Site-wide, Critical Data, SIG-50658, Lorem Ipsum Dolor Sit Amet, [site-114], 6963e056153a502d070da244, None, open, Signal 342}",new,Verify if physical examination is well performed at each visit,2026-01-11T17:39:34+00:00
ILMS-SIGNALS-238,"{0, Default}",site-082,ACT-19795,TUR,2026-01-11T17:39:35+00:00,False,,Verify if the physician copy the previous measurements for the vital signs.,center,[site-082],6963e057153a502d070da247,site-082,,,,,,"{null, Site-wide, Critical Data, SIG-50659, Lorem Ipsum Dolor Sit Amet, [site-082], 6963e056153a502d070da246, None, open, Signal 343}",new,Verify if physical examination is well performed at each visit,2026-01-11T17:39:35+00:00
ILMS-SIGNALS-238,"{0, Default}",site-076,ACT-19796,RUS,2026-01-11T17:39:35+00:00,False,,Verify if the physician copy the previous measurements for the vital signs.,center,[site-076],6963e057153a502d070da249,site-076,,,,,,"{null, Site-wide, Critical Data, SIG-50660, Lorem Ipsum Dolor Sit Amet, [site-076], 6963e057153a502d070da248, None, open, Signal 344}",new,Verify if physical examination is well performed at each visit,2026-01-11T17:39:35+00:00
ILMS-SIGNALS-238,"{0, Default}",site-010,ACT-19797,ESP,2026-01-11T17:39:36+00:00,False,,Verify if the physician copy the previous measurements for the vital signs.,center,[site-010],6963e058153a502d070da24b,site-010,,,,,,"{null, Site-wide, Critical Data, SIG-50661, Lorem Ipsum Dolor Sit Amet, [site-010], 6963e057153a502d070da24a, None, open, Signal 345}",new,Verify if physical examination is well performed at each visit,2026-01-11T17:39:36+00:00
ILMS-SIGNALS-238,"{0, Default}",site-136,ACT-19798,KOR,2026-01-11T17:39:36+00:00,False,,Verify if the physician copy the previous measurements for the vital signs.,center,[site-136],6963e058153a502d070da24d,site-136,,,,,,"{null, Site-wide, Critical Data, SIG-50662, Lorem Ipsum Dolor Sit Amet, [site-136], 6963e058153a502d070da24c, None, open, Signal 346}",new,Verify if physical examination is well performed at each visit,2026-01-11T17:39:36+00:00
ILMS-SIGNALS-238,"{0, Default}",site-104,ACT-19799,JPN,2026-01-11T17:39:37+00:00,False,,Verify if the physician copy the previous measurements for the vital signs.,center,[site-104],6963e059153a502d070da24f,site-104,,,,,,"{null, Site-wide, Critical Data, SIG-50663, Lorem Ipsum Dolor Sit Amet, [site-104], 6963e058153a502d070da24e, None, open, Signal 347}",new,Verify if physical examination is well performed at each visit,2026-01-11T17:39:37+00:00
ILMS-SIGNALS-238,"{0, Default}",site-031,ACT-19800,GBR,2026-01-11T17:39:37+00:00,False,,Verify if the physician copy the previous measurements for the vital signs.,center,[site-031],6963e059153a502d070da251,site-031,,,,,,"{null, Site-wide, Critical Data, SIG-50664, Lorem Ipsum Dolor Sit Amet, [site-031], 6963e059153a502d070da250, None, open, Signal 348}",new,Verify if physical examination is well performed at each visit,2026-01-11T17:39:37+00:00
ILMS-SIGNALS-238,"{0, Default}",site-049,ACT-19801,POL,2026-01-11T17:39:38+00:00,False,,Verify if the physician copy the previous measurements for the vital signs.,center,[site-049],6963e05a153a502d070da253,site-049,,,,,,"{null, Site-wide, Critical Data, SIG-50665, Lorem Ipsum Dolor Sit Amet, [site-049], 6963e059153a502d070da252, None, open, Signal 349}",new,Verify if physical examination is well performed at each visit,2026-01-11T17:39:38+00:00
IM011-127,"{0, Default}",290,ACT-7137,Spain,2024-10-29T13:38:46+00:00,False,,Send someone on site to collect blood samples,center,[290],6720e5664f1ef21687928399,290,,,,,,"{null, Site-wide, Critical Data, SIG-31785, Patients are born in the future, [290], 6720e56581c6c4981b5cdd8d, None, open, Demog: patients are born in the future}",new,Collect blood samples,2024-10-29T13:38:46+00:00
IM011-127,"{0, Default}",290,ACT-7136,Spain,2024-10-29T13:38:46+00:00,False,,Send someone on site to check the dates of births,center,[290],6720e566045e60e4dda09430,290,,,,,,"{null, Site-wide, Critical Data, SIG-31785, Patients are born in the future, [290], 6720e56581c6c4981b5cdd8d, None, open, Demog: patients are born in the future}",stalled,Verify the dates of births,2024-11-01T18:38:04+00:00
IM011-127,"{0, Default}",183,ACT-17045,USA,2025-12-18T10:52:30+00:00,True,,Testing new Assignee CRA,center,[183],6943dcee1082284f8417ca5b,183,,,,,,"{null, Site-wide, Critical Data, SIG-31787, There is one reported adverse event which is recovered with sequelae. This is a rare event across all centers., [183], 6720e567045e60e4dda09431, None, open, No Pvalue signal}",new,Testing new change in CTMS,2025-12-18T10:52:30+00:00
IM011-127,"{0, Default}",184,ACT-17046,USA,2025-12-18T10:54:31+00:00,True,,Testing,center,[184],6943dd67bea03ab97b063d92,184,,,,,,"{Amrita Sarkar, Atypical Patient(s), Critical Data, SIG-47787, Testing, [184], 6943dd330ce14bcd1311fda1, None, open, New Signal}",new,Assignee CRA,2025-12-18T10:54:31+00:00
TRN_BMS_CP Trainer,"{0, Default}",030,ACT-15438,Greece,2025-09-25T09:58:04+00:00,False,,Testing,center,[030],68d5122c6c614560090ebde3,030,,,,,,"{null, Atypical Patient(s), Critical Data, SIG-45243, 2 out of 12 assessments for physical examination and Vital signals (at visit C1D1) were not performed as expected at this site, which is greater than the study average. This is driven by subject 740., [030], 68d30ad85a2a28a0f8f11f76, None, open, Missed Assessment Rate - More missed assessments observed}",new,XYZ testing,2025-09-25T09:58:04+00:00
TRN_BMS_CP Trainer,"{0, Default}",030,ACT-15437,Greece,2025-09-25T09:54:27+00:00,False,,"CRA to have a discussion aroumd missed ass and the reaosn why those were missed, Subject XYZ and Vitsal signas and physical exams at Visit 1 and 2",center,[030],68d511538c0969ab743cf176,030,,,,,,"{null, Atypical Patient(s), Critical Data, SIG-45243, 2 out of 12 assessments for physical examination and Vital signals (at visit C1D1) were not performed as expected at this site, which is greater than the study average. This is driven by subject 740., [030], 68d30ad85a2a28a0f8f11f76, None, open, Missed Assessment Rate - More missed assessments observed}",new,High reate of missed assesment,2025-09-25T09:54:27+00:00
TRN_BMS_Shylaja,"{0, Default}",001,ACT-11610,China,2025-05-22T18:51:25+00:00,False,,Test,center,[001],682f722d1aa25f7e0d0063e2,001,,,,,,"{null, Site-wide, Critical Data, SIG-34879, Site 01 is reporting higher than average number of Adverse Events per patient when compared to other sites. Average number of Adverse Events per patient is 1 whereas site 01 has 4 Adverse Events per patient. Patients 385 and 624 are contributing to the higher rate at this site., [001], 67ccfc4bb49476df387edbef, None, open, Over Reporting of Adverse Events}",new,PD,2025-05-22T18:51:25+00:00
TRN_BMS_Shylaja,"{0, Default}",063,ACT-8510,Norway,2025-03-09T06:26:37+00:00,False,,"Site 63 has a significantly higher rate of missing physical exam (PE) records compared to other sites. The missing PE rate at Site 63 (30% - 2 out of 7 records) is substantially higher than the overall rate of 1% observed across all other sites. Recommended Actions:
Clinical Trail Monitor to identify the reasons behind the missing PE records at Site 63. Review and reinforce the data collection and entry processes at Site 63 to ensure compliance with study protocols.",center,[063],67cd349dfd5e9dd948d06c4a,063,,,,,,"{null, Site-wide, Non-Critical Data, SIG-34880, Site 63 has a significantly higher rate of missing physical exam (PE) records compared to other sites. The missing PE rate at Site 63 (30% - 2 out of 7 records) is substantially higher than the overall rate of 1% observed across all other sites., [063], 67cd06a9fd5e9dd948d06c3e, None, open, Higher Missing Physical Exam Rate at Site 63}",new,Higher Missing Physical Exam Rate at Site 63,2025-03-09T06:26:37+00:00
TRN_BMS_Shylaja,"{0, Default}",,ACT-17060,Germany,2025-12-20T18:24:14+00:00,False,,"Patient 551 in Germany is exhibiting higher values compared to all other patients at Cycle 5, Day 1",region,[Germany],6946e9cefac902671120048a,Germany,,,,,,"{null, Atypical Patient(s), Non-Critical Data, SIG-34883, A significant outlier was detected in the lab results for patient 551 in Germany. This patient exhibited higher values compared to all other patients, with a particularly notable outlier value at Cycle 5, Day 1 (C5D1)., [Germany], 67cd2a4cbccbd87fc304779f, None, open, Significant Outlier Detected in Lab Results}",open,Significant Outlier Lab,2025-12-20T18:24:49+00:00
Training_A,"{0, Default}",site-056,ACT-22407,ESP,2026-04-17T14:48:15+00:00,False,,Verify if the physician copy the previous measurements for the vital signs.,center,[site-056],69e2482f8e505fecf2408928,site-056,,,,,,"{null, Site-wide, Critical Data, SIG-54813, A high proportion of propagated values has been highlighted for:
- Heart rate
- Temperature
- Diastolic Blood Pressure
- Systolic Blood pressure
- Respiratory Rate
- Weight, [site-056], 69e24668a2d16b1061fd7c41, None, open, Vital Signs: Propagation of Values}",new,Verify if physical examination is well performed at each visit,2026-04-17T14:48:15+00:00
Training_B,"{0, Default}",site-056,ACT-22408,ESP,2026-04-17T16:07:09+00:00,False,,Verify if the physician copy the previous measurements for the vital signs.,center,[site-056],69e25aad238490b4a80362ea,site-056,,,,,,"{null, Site-wide, Critical Data, SIG-54839, A high proportion of propagated values has been highlighted for:
- Heart rate
- Temperature
- Diastolic Blood Pressure
- Systolic Blood pressure
- Respiratory Rate
- Weight, [site-056], 69e25a6da1e90c116adce939, None, open, Vital Signs: Propagation of Values}",new,Verify if physical examination is well performed at each visit,2026-04-17T16:07:09+00:00
Training_BMS,"{0, Default}",site-056,ACT-6653,ESP,2024-08-22T18:09:35+00:00,False,,Verify if the physician copy the previous measurements for the vital signs.,center,[site-056],66c77edf381ee24097c94c68,site-056,,,,,,"{null, Site-wide, Critical Data, SIG-29692, A high proportion of propagated values has been highlighted for:
- Heart rate
- Temperature
- Diastolic Blood Pressure
- Systolic Blood pressure
- Respiratory Rate
- Weight, [site-056], 66c77edc35c113b0430ce7a0, None, open, Vital Signs: Propagation of Values}",stalled,Verify if physical examination is well performed at each visit,2026-04-15T10:59:43+00:00
Training_BMS,"{0, Default}",site-056,ACT-22396,ESP,2026-04-15T11:01:37+00:00,True,,Testing,center,[site-056],69df701178f21f779a03d5b8,site-056,,,,,,"{null, Site-wide, Critical Data, SIG-29692, A high proportion of propagated values has been highlighted for:
- Heart rate
- Temperature
- Diastolic Blood Pressure
- Systolic Blood pressure
- Respiratory Rate
- Weight, [site-056], 66c77edc35c113b0430ce7a0, None, open, Vital Signs: Propagation of Values}",new,Test,2026-04-15T11:01:37+00:00
Training_BMS,"{0, Default}",site-056,ACT-22439,ESP,2026-04-20T17:31:22+00:00,False,,Testing123,center,[site-056],69e662eab5b06a238d1e6a24,site-056,,,,,,"{null, Site-wide, Critical Data, SIG-29692, A high proportion of propagated values has been highlighted for:
- Heart rate
- Temperature
- Diastolic Blood Pressure
- Systolic Blood pressure
- Respiratory Rate
- Weight, [site-056], 66c77edc35c113b0430ce7a0, None, open, Vital Signs: Propagation of Values}",new,Testing12,2026-04-20T17:31:22+00:00
Training_BMS,"{0, Default}",site-022,ACT-22438,TWN,2026-04-20T17:28:21+00:00,False,,testing purpose,center,[site-022],69e66235737040d6cead2220,site-022,,,,,,"{Ruxandra Ban, Site-wide, Critical Data, SIG-54530, Non-Serious AE Rate is higher than expected.

Non-Serious AE Rate is higher than expected., [site-022], 69cba886c4cb72cb9cb298bd, None, open, Non-Serious AE Rate}",new,test,2026-04-20T17:28:21+00:00
